,trip,id,species,new_species,start,stop,notes
1,,LL003FR07_1,X,X,,,
2,,LL003FR07_2,X,X,,,
3,,LL003FR07_3,UO,UO,,,
4,,LL003FR07_4,UO,UO,,,
5,,LL003FR07_5,UO,UO,,,
6,,LL003FR07_6,UO,UO,,,
7,,LL003FR07_7,UO,UO,,,
8,,LL003FR07_8,UO,UO,,,
9,,LL003FR07_9,UO,UO,,,
10,,LL003FR07_10,UO,UO,,,
11,,LL003FR07_11,UO,UO,,,
12,,LL003FR07_12,UO,UO,,,
13,,LL003FR07_13,X,X,,,
14,,LL003FR07_14,UO,UO,,,
15,,LL003FR10_1,X,X,,,
16,,LL003FR10_2,UO,UO,,,
17,,LL003FR10_3,X,X,,,
18,,LL003FR10_4,UO,UO,,,
19,,LL003FR10_5,X,Pc,,,
20,,LL003FR10_6,UO,UO,,,
21,,LL004FR04_1,UO,UO,,,
22,,LL004FR04_2,UO,UO,,,
23,,LL004FR04_3,UO,UO,,,
24,,LL004_FR10_1,Pc,Pc,,,
25,,LL004_FR10_2,Pm,Pm,,,
26,,LL004_FR10_3,X,X,,,
27,,LL005FR3_2,UO,UO,,,
28,,LL005FR3_3,UO,UO,,,
29,,LL005FR3_5,UO,UO,,,
30,,LL005FR3_6,UO,UO,,,
31,,LL005FR4_1,UO,UO,,,
32,,LL005FR4_2,UO,UO,,,
33,,LL005FR4_3,UO,UO,,,
34,,LL005FR4_4,X,X,,,
35,,LL005FR4_5,UO,UO,,,
36,,LL005FR4_6,X,X,,,
37,,LL005FR4_7,UO,UO,,,
38,,LL005FR6_1,UO,UO,,,
39,,LL007_1,UO,UO,,,
40,,LL007_2,UO,UO,,,
41,,LL007_3,UO,UO,,,
42,,LL007_4,UO,UO,,,
43,,LL007_5,UO,UO,,,
44,,LL007_6,UO,UO,,,
45,,LL008_FR03_1,UO,UO,,,
46,,LL008_FR03_2,UO,UO,,,
47,,LL008_FR03_3,Pm,Pm,,,
48,,LL008_FR03_4,Pm,Pm,,,
49,,LL008_FR03_5,X,X,,,
50,,LL008_FR03_6,X,X,,,
51,,LL008_FR03_7,UO,UO,,,
52,,LL008_FR03_8,UO,UO,,,
53,,LL008_FR03_9,Pm,Pm,,,
54,,LL008_FR04,X,X,,,
55,,LL009_FR04_2,UO,UO,,,
56,,LL009_FR04_3,UO,UO,,,
57,,LL009_FR04_4,UO,UO,,,
58,,LL009_FR04_5,UO,UO,,,
59,,LL009_FR04_6,Pm,Pm,,,
60,,LL009_FR06_1,UO,UO,,,
61,,LL009_FR06_2,UO,UO,,,
62,,LL009_FR06_3,UO,UO,,,
63,,LL009_FR06_4,UO,UO,,,
64,,LL009_FR06_5,UO,UO,,,
65,,LL009_FR06_6,UO,UO,,,
66,,LL009_FR06_8,Pm,Pm,,,
67,,LL009_FR06_9,Pm,Pm,,,
68,,LL009_FR06_10,UO,UO,,,
69,,LL009_FR06_11,UO,UO,,,
70,,LL009_FR07_1,Pm,Pm,,,
71,,LL009_FR07_2,Pm,Pm,,,
72,,LL009_FR07_3,UO,UO,,,
73,,LL010_FR03_1,X,X,,,
74,,LL010_FR03_2,Pm,Pm,,,
75,,LL010_FR03_3,UO,UO,,,
76,,LL010_FR03_4,UO,UO,,,
77,,LL010_FR03_5,UO,UO,,,
78,,LL010_FR03_6,X,X,,,
79,,LL010_FR03_7,UO,UO,,,
80,,LL010_FR04_1,Pc,Pc,,,
81,,LL010_FR04_2,Pc,Pc,,,
82,,LL010_FR06_1,UO,Pc,,,
83,,LL010_FR06_2,UO,Pc,,,
84,,LL010_FR06_3,X,X,,,
85,,LL010_FR06_4,UO,UO,,,
86,,LL010_FR06_5,X,X,,,
87,,LL010_FR06_6,UO,Kspp,,,
88,,LL010_FR06_7,UO,UO,,,
89,,LL010_FR06_8,UO,UO,,,
90,,LL010_FR07_1,UO,UO,,,
91,,LL010_FR07_2,UO,UO,,,
92,,LL010_FR07_3,X,X,Pc but mixed species so leave out of training data,,
93,,LL010_FR07_4,X,X,maybe Pc but mixed,,
94,,LL010_FR07_5,UO,X,,,
95,,LL010_FR07_6,UO,UO,,,
96,,LL010_FR07_7,UO,BW,,,
97,,LL010_FR07_8,UO,UO,,,
98,,LL010_FR10_1,X,X,Pc but maybe mixed species so leave out of training data,,
99,,LL010_FR10_2,Pm,Pm,,,
1,LL014_FR06_DL65,14_1,UO,UO,9/25/2014 3:21,9/25/2014 3:46,
2,LL014_FR06_DL65,14_2,Pc,Pc,9/25/2014 13:22,9/25/2014 14:18,
3,LL017_FR03_DL65,LL017FR3_1_1,Pc,Pc,1/17/2015 17:15,1/17/2015 17:31,Pc
4,LL017_FR03_DL65,LL017FR3_1_2,Pc,Pc,1/17/2015 17:52,1/17/2015 18:20,Pc
5,LL017_FR03_DL65,LL017FR3_2,X,Pc,1/17/2015 22:06,1/17/2015 22:13,whistles only
6,LL017_FR03_DL65,LL017FR3_3,X,Pc,1/17/2015 23:06,1/17/2015 23:11,whistles only
106,,18_1,UO,UO,,,
107,,19_1,X,X,,,
108,,19_2,UO,UO,,,
109,,19_4,X,Pc,,,
110,,19_5,X,X,,,
111,,19_6,UO,UO,,,
112,,19_7,Pm,Pm,,,
113,,19_8,Pm,Pm,,,
114,,19_9,Pm,Pm,,,
115,,19_10,UO,UO,,,
116,,19_11,Pm,Pm,,,
117,,21_1,UO,UO,,,
118,,21_2,UO,UO,,,
119,,21_3,UO,UO,,,
120,,21_4,UO,UO,,,
121,,21_5,UO,UO,,,
122,,23_1,UO,UO,,,
123,,23_2,UO,UO,,,
124,,23_3,Pm,Pm,,,
125,,23_5,X,X,,,
126,,23_6,X,X,,,
127,,23_4,X,X,,,
128,,23_7,UO,UO,,,
129,,23_8,Pm,Pm,,,
130,,23_9,Pm,Pm,,,
131,,25_1,UO,UO,,,
132,,25_2,UO,UO,,,
133,,26_1,X,X,,,
134,,26_2_1,UO,UO,,,
135,,26_2_2,Pm,Pm,,,
7,LL027_FR07_DL63,27_1,X,Pc,9/23/2015 11:25,9/23/2015 12:17,Looks like there are possible bands at 14 and 19 kHz
8,LL027_FR07_DL63,27_2,UO,UO,9/25/2015 10:39,9/25/2015 10:48,"faint, but with whistles and clicks"
9,LL027_FR07_DL63,27_3,Pm,Pm,9/25/2015 20:14,9/25/2015 22:43,
139,,31_1,Pm,Pm,,,
140,,31_2,UO,UO,,,
141,,31_3,UO,UO,,,
142,,31_4,UO,UO,,,
143,,31_5,UO,UO,,,
144,,31_6,UO,UO,,,
145,,31_7,UO,UO,,,
146,,31_8,UO,UO,,,
147,,31_9,UO,UO,,,
148,,35_01,UO,UO,,,
149,,35_02,UO,UO,,,
150,,35_03,UO,UO,,,
151,,35_04,UO,UO,,,
152,,35_05,Pm,Pm,,,
153,,35_06,UO,UO,,,
154,,36_1,UO,UO,,,
155,,36_2,UO,UO,,,
156,,36_3,UO,UO,,,
157,,36_4,Pm,Pm,,,
158,,36_5,UO,UO,,,
159,,36_6,UO,UO,,,
160,,37_1,UO,UO,,,
161,,38_1,Pm,Pm,,,
162,,38_2,UO,UO,,,
163,,38_3,Pm,Pm,,,
164,,38_4,UO,UO,,,
10,LL039_FR04_DL64,39_01,Pm,Pm,3/13/2017 19:20,3/13/2017 19:55,
11,LL039_FR04_DL64,39_02,Pm,Pm,3/13/2017 20:17,3/13/2017 21:36,
12,LL039_FR04_DL64,39_03,UO,UO,3/13/2017 23:30,3/14/2017 0:14,
13,LL039_FR04_DL64,39_04,UO,UO,3/15/2017 20:55,3/15/2017 21:19,
14,LL039_FR04_DL64,39_05,UO,UO,3/15/2017 21:57,3/15/2017 22:00,
15,LL039_FR04_DL64,39_06,X,UO,3/15/2017 22:43,3/15/2017 23:35,possibly mixed?
16,LL039_FR04_DL64,39_07,UO,UO,3/16/2017 8:46,3/16/2017 8:54,
17,LL039_FR04_DL64,39_08,UO,UO,3/16/2017 23:01,3/16/2017 23:21,
18,LL039_FR04_DL64,39_09,Pc,Pc,3/17/2017 0:31,3/17/2017 1:41,
19,LL039_FR04_DL64,39_10,Kspp,Kspp,3/18/2017 10:45,3/18/2017 10:49,
20,LL039_FR04_DL64,39_11,UO,UO,3/18/2017 22:53,3/18/2017 23:22,
21,LL039_FR04_DL64,39_12,UO,UO,3/19/2017 1:45,3/19/2017 1:57,
22,LL039_FR04_DL64,39_13,UO,UO,3/19/2017 15:09,3/19/2017 15:17,
23,LL039_FR04_DL64,39_14,UO,UO,3/20/2017 20:06,3/20/2017 20:32,
24,LL039_FR04_DL64,39_15,X,UO,3/22/2017 3:12,3/22/2017 4:57,
25,LL041_FR04_DL64,41_1,X,X,5/12/2017 7:34,5/12/2017 8:05,
26,LL041_FR04_DL64,41_2,X,X,5/12/2017 18:01,5/12/2017 18:16,
27,LL041_FR04_DL64,41_3,Pc,Pc,5/12/2017 18:51,5/12/2017 21:06,
28,LL041_FR04_DL64,41_4,X,Pc,5/13/2017 2:05,5/13/2017 3:06,"Pc at beginning, but mixed species toward end? "
29,LL041_FR04_DL64,41_5,UO,UO,5/16/2017 6:22,5/16/2017 6:42,
30,LL041_FR04_DL64,41_6,UO,UO,5/16/2017 22:15,5/16/2017 22:33,
31,LL041_FR04_DL64,41_7,UO,UO,5/17/2017 0:16,5/17/2017 0:32,
32,LL041_FR04_DL64,41_8,UO,UO,5/17/2017 3:31,5/17/2017 3:37,
33,LL041_FR04_DL64,41_9,UO,UO,5/18/2017 1:47,5/18/2017 3:14,
34,LL041_FR04_DL64,41_10,UO,UO,5/18/2017 4:10,5/18/2017 4:26,wasn't added in first round of processing. Not sure why not
35,LL041_FR04_DL64,41_11,Pc,Pc,5/18/2017 6:16,5/18/2017 6:49,
36,LL041_FR04_DL64,41_12,UO,UO,5/18/2017 22:38,5/18/2017 23:21,
189,,42_2,UO,UO,,,
190,,42_3,UO,UO,,,
191,,42_5,X,X,,,
192,,42_6,UO,UO,,,
193,,42_7,X,X,,,
37,LL043_FR04_DL64,43_1,X,Pc,11/27/2017 20:45,11/27/2017 21:11,NA
38,LL043_FR04_DL64,43_2,Pc,Pc,12/1/2017 1:15,12/1/2017 1:47,NA
39,LL043_FR04_DL64,43_3,Gg,Gg,12/1/2017 23:29,12/1/2017 23:55,NA
40,LL043_FR04_DL64,43_4,Kspp,Kspp,12/4/2017 9:59,12/4/2017 10:06,NA
41,LL043_FR04_DL64,43_5,UO,UO,12/4/2017 17:38,12/4/2017 17:48,NA
42,LL043_FR04_DL64,43_6,UO,UO,12/5/2017 2:57,12/5/2017 3:01,NA
43,LL044_FR04_DL64,44_1_1,Pc,Pc,1/29/2018 8:04,1/29/2018 9:03,NA
44,LL044_FR04_DL64,44_1_2,Pc,Pc,1/29/2018 9:35,1/29/2018 9:44,NA
45,LL044_FR04_DL64,44_1_3,Pc,Pc,1/29/2018 10:33,1/29/2018 10:52,NA
46,LL044_FR04_DL64,44_1_4,NA,Pc,1/29/2018 11:33,1/29/2018 11:41,NA
47,LL044_FR04_DL64,44_2,Gg,Gg,2/1/2018 2:33,2/1/2018 2:44,NA
48,LL044_FR04_DL64,44_3,UO,UO,2/1/2018 6:54,2/1/2018 7:01,NA
49,LL044_FR04_DL64,44_4,Pm,Pm,2/1/2018 16:16,2/1/2018 17:29,NA
50,LL044_FR04_DL64,44_5,UO,UO,2/2/2018 0:33,2/2/2018 0:46,NA
51,LL044_FR04_DL64,44_6,UO,UO,2/2/2018 4:13,2/2/2018 4:24,NA
52,LL044_FR04_DL64,44_7,Pc,Pc,2/4/2018 15:22,2/4/2018 17:14,NA
53,LL044_FR04_DL64,44_8,NA,Pc,2/4/2018 23:08,2/4/2018 23:18,NA
54,LL044_FR04_DL64,44_9,UO,UO,2/4/2018 23:42,2/4/2018 23:46,NA
55,LL044_FR04_DL64,44_10,Pm,Pm,2/5/2018 9:48,2/5/2018 12:47,NA
56,LL044_FR04_DL64,44_11,Pm,Pm,2/6/2018 13:23,2/7/2018 1:25,NA
213,,45_1,UO,UO,,,
214,,45_2,UO,UO,,,
215,,45_3,UO,UO,,,
216,,45_4,UO,UO,,,
217,,45_5,UO,UO,,,
218,,45_6,UO,UO,,,
219,,45_7,UO,UO,,,
220,,45_8,UO,UO,,,
221,,45_9,UO,UO,,,
222,,45_10,UO,UO,,,
223,,45_12,UO,UO,,,
224,,45_14,UO,UO,,,
225,,45_15,UO,UO,,,
57,LL047_FR04_DL64,47_1,UO,UO,4/23/2018 20:52,4/23/2018 21:42,NA
58,LL047_FR04_DL64,47_2,UO,Pc,4/24/2018 20:18,4/24/2018 21:13,NA
59,LL047_FR04_DL64,47_3,UO,UO,4/24/2018 21:26,4/24/2018 21:40,NA
60,LL047_FR04_DL64,47_4,UO,UO,4/26/2018 20:55,4/26/2018 21:19,NA
61,LL047_FR04_DL64,47_5,UO,UO,4/26/2018 23:05,4/26/2018 23:15,NA
62,LL047_FR04_DL64,47_6,UO,UO,4/27/2018 3:30,4/27/2018 3:45,NA
63,LL047_FR04_DL64,47_7,Pc,Pc,4/27/2018 14:57,4/27/2018 15:22,NA
64,LL047_FR04_DL64,47_9,UO,UO,4/28/2018 19:54,4/28/2018 20:22,NA
65,LL047_FR04_DL64,47_10,UO,UO,5/1/2018 18:43,5/1/2018 18:48,NA
66,LL047_FR04_DL64,47_11,UO,UO,5/1/2018 19:37,5/1/2018 19:39,NA
67,LL047_FR04_DL64,47_12,UO,UO,5/2/2018 3:21,5/2/2018 3:58,NA
68,LL047_FR04_DL64,47_13,Pc,Pc,5/2/2018 16:22,5/2/2018 17:34,NA
69,LL047_FR04_DL64,47_14,Pc,Pc,5/2/2018 21:39,5/2/2018 22:52,NA
239,,50_1,UO,UO,,,
240,,50_2,UO,UO,,,
241,,50_3,UO,UO,,,
242,,50_4,UO,UO,,,
243,,51_1,UO,UO,,,
244,,51_2,UO,UO,,,
245,,51_3,Pm,Pm,,,
246,,51_4,UO,UO,,,
247,,51_5,UO,UO,,,
248,,51_6,UO,UO,,,
249,,51_7,UO,UO,,,
250,,52_2,UO,UO,,,
251,,52_3,UO,UO,,,
252,,52_4,UO,UO,,,
253,,52_6,UO,UO,,,
254,,52_7,UO,UO,,,
255,,52_8,Pm,Pm,,,
256,,52_9,UO,UO,,,
257,,52_10,UO,UO,,,
70,LL053_FR07_DL59,53_1,Pc,Pc,4/28/2019 3:38,4/28/2019 6:07,NA
71,LL053_FR07_DL59,53_2,UO,UO,4/28/2019 12:58,4/28/2019 13:08,NA
72,LL053_FR07_DL59,53_3,UO,UO,4/28/2019 14:29,4/28/2019 14:31,NA
73,LL053_FR07_DL59,53_4,UO,UO,4/29/2019 7:24,4/29/2019 8:05,NA
74,LL053_FR07_DL59,53_5,UO,UO,5/1/2019 3:52,5/1/2019 3:57,NA
75,LL053_FR07_DL59,53_6,UO,UO,5/1/2019 12:50,5/1/2019 13:22,NA
76,LL053_FR07_DL59,53_7,UO,UO,5/2/2019 15:53,5/2/2019 15:58,NA
77,LL053_FR07_DL59,53_8,UO,UO,5/3/2019 3:44,5/3/2019 3:57,NA
78,LL053_FR07_DL59,53_9,UO,UO,5/3/2019 12:36,5/3/2019 13:48,NA
79,LL053_FR07_DL59,53_10,UO,UO,5/3/2019 15:38,5/3/2019 15:40,NA
80,LL053_FR07_DL59,53_11,UO,UO,5/5/2019 14:21,5/5/2019 14:59,NA
269,,54_1,UO,UO,,,
270,,54_2,UO,UO,,,
271,,54_3,UO,UO,,,
272,,54_4,UO,UO,,,
273,,54_5,UO,UO,,,
274,,55_2,UO,UO,,,
275,,55_3,UO,UO,,,
276,,55_5,UO,UO,,,
277,,55_6,UO,UO,,,
81,LL056_FR08_DL88,56_1,UO,UO,8/3/2019 19:24,8/3/2019 19:27,NA
82,LL056_FR08_DL88,56_2,UO,UO,8/5/2019 13:48,8/5/2019 14:30,NA
83,LL056_FR08_DL88,56_3,Kspp,Kspp,8/7/2019 1:13,8/7/2019 1:17,NA
84,LL056_FR08_DL88,56_4,UO,UO,8/12/2019 3:10,8/12/2019 3:15,NA
85,LL056_FR08_DL88,56_5,Pc,Pc,8/16/2019 5:40,8/16/2019 9:12,NA
86,LL056_FR08_DL88,56_6,Pc,Pc,8/16/2019 12:34,8/16/2019 13:46,NA
283,,57_1,UO,UO,,,
284,,57_2,UO,UO,,,
285,,57_3,UO,UO,,,
286,,57_4,UO,UO,,,
287,,57_5,UO,UO,,,
288,,57_6,UO,UO,,,
289,,57_7,UO,UO,,,
290,,57_8,UO,UO,,,
291,,57_9,UO,UO,,,
292,,57_10,UO,UO,,,
293,,57_11,UO,UO,,,
294,,58_1,X,Pc,,,
295,,58_2,UO,UO,,,
296,,58_3,UO,UO,,,
297,,58_4,UO,UO,,,
298,,58_5,UO,UO,,,
299,,58_6,UO,UO,,,
300,,58_7,UO,UO,,,
301,,58_8,UO,UO,,,
302,,58_10,UO,UO,,,
87,LL059_FR38_DL65,59_1,UO,UO,10/16/2020 9:21,10/16/2020 9:59,NA
88,LL059_FR38_DL65,59_2,UO,UO,10/18/2020 3:38,10/18/2020 5:03,NA
89,LL059_FR38_DL65,59_3,UO,UO,10/19/2020 1:39,10/19/2020 1:41,NA
90,LL059_FR38_DL65,59_4,UBW,BW,10/20/2020 7:19,10/20/2020 7:21,NA
91,LL059_FR38_DL65,59_5,UO,UO,10/21/2020 4:23,10/21/2020 5:02,NA
92,LL059_FR38_DL65,59_6,UO,UO,10/21/2020 6:26,10/21/2020 6:27,NA
93,LL059_FR38_DL65,59_7,UO,UO,10/21/2020 7:55,10/21/2020 8:30,NA
94,LL059_FR38_DL65,59_8,UO,UO,10/23/2020 8:23,10/23/2020 9:14,NA
95,LL060_FR38_DL65,LL060_FR38_DL65_01,UO,UO,6/2/2021 23:04,6/2/2021 23:15,
96,LL060_FR38_DL65,LL060_FR38_DL65_02,UO,UO,6/3/2021 0:08,6/3/2021 0:12,
97,LL060_FR38_DL65,LL060_FR38_DL65_03,UO,UO,6/4/2021 4:42,6/4/2021 5:10,
98,LL060_FR38_DL65,LL060_FR38_DL65_04,UO,UO,6/4/2021 5:50,6/4/2021 6:24,
99,LL060_FR38_DL65,LL060_FR38_DL65_05,UO,UO,6/4/2021 7:00,6/4/2021 7:59,
100,LL060_FR38_DL65,LL060_FR38_DL65_06,UO,UO,6/5/2021 4:06,6/5/2021 4:37,
101,LL060_FR38_DL65,LL060_FR38_DL65_07,UO,UO,6/5/2021 7:23,6/5/2021 8:17,
102,LL060_FR38_DL65,LL060_FR38_DL65_08,UO,UO,6/5/2021 10:21,6/5/2021 10:32,
103,LL060_FR38_DL65,LL060_FR38_DL65_09,UO,UO,6/5/2021 12:35,6/5/2021 13:08,
104,LL060_FR38_DL65,LL060_FR38_DL65_10,UO,UO,6/5/2021 14:03,6/5/2021 14:17,
105,LL060_FR38_DL65,LL060_FR38_DL65_11,UO,BW,6/7/2021 6:31,6/7/2021 6:48,"BW, likely Md"
106,LL060_FR38_DL65,LL060_FR38_DL65_12,UO,X,6/7/2021 9:27,6/7/2021 10:25,also sperm whales mixed in
107,LL060_FR38_DL65,LL060_FR38_DL65_13,UO,UO,6/8/2021 9:27,6/8/2021 9:42,
108,LL060_FR38_DL65,LL060_FR38_DL65_14,UO,BW,6/8/2021 11:47,6/8/2021 12:04,BW
109,LL060_FR45_DL84,LL060_FR45_DL84_1,UO,X,6/3/2021 4:04,6/3/2021 4:56,sperm whales also mixed in
110,LL060_FR45_DL84,LL060_FR45_DL84_2,UO,UO,6/3/2021 5:16,6/3/2021 6:05,
111,LL060_FR45_DL84,LL060_FR45_DL84_3,UO,UO,6/3/2021 9:19,6/3/2021 9:56,
112,LL060_FR45_DL84,LL060_FR45_DL84_4,UO,UO,6/3/2021 22:26,6/3/2021 22:50,
113,LL060_FR45_DL84,LL060_FR45_DL84_5,UO,UO,6/4/2021 7:16,6/4/2021 7:57,
114,LL060_FR45_DL84,LL060_FR45_DL84_6,UO,BW,6/5/2021 9:16,6/5/2021 9:27,
115,LL060_FR45_DL84,LL060_FR45_DL84_7,UO,UO,6/6/2021 21:18,6/6/2021 21:20,
116,LL060_FR45_DL84,LL060_FR45_DL84_8,UO,BW,6/7/2021 2:47,6/7/2021 2:49,BW
117,LL060_FR45_DL84,LL060_FR45_DL84_9,UO,Gg,6/7/2021 21:16,6/7/2021 21:31,banding in clicks
118,LL060_FR52_DL59,LL060_FR52_DL59_1,UO,UO ,6/4/2021 7:09,6/4/2021 7:36,
119,LL060_FR52_DL59,LL060_FR52_DL59_2,UO,UO ,6/7/2021 6:45,6/7/2021 7:08,
120,LL060_FR52_DL59,LL060_FR52_DL59_3,UO,Gg,6/8/2021 6:41,6/8/2021 7:01,banding in clicks
121,LL060_FR64_DL88,LL060_FR64_DL88_1,UO,UO,6/3/2021 4:39,6/3/2021 4:56,
122,LL060_FR64_DL88,LL060_FR64_DL88_2,UO,UO,6/4/2021 5:14,6/4/2021 5:44,
123,LL060_FR64_DL88,LL060_FR64_DL88_3,UO,NA,6/7/2021 5:55,6/7/2021 5:56,
124,LL060_FR64_DL88,LL060_FR64_DL88_4,UO,X,6/8/2021 5:29,6/8/2021 5:36,
125,LL060_FR64_DL88,LL060_FR64_DL88_5,UO,X,6/8/2021 6:06,6/8/2021 6:12,
126,LL061_FR38_DL65,LL061_FR38_DL65_1,UO,UO,8/25/2021 4:37,8/25/2021 4:47,
127,LL061_FR38_DL65,LL061_FR38_DL65_2,UO,UO,8/25/2021 5:14,8/25/2021 5:50,
128,LL061_FR38_DL65,LL061_FR38_DL65_3,UO,UO,8/25/2021 6:07,8/25/2021 6:21,
129,LL061_FR38_DL65,LL061_FR38_DL65_4,UO,UO,8/25/2021 7:58,8/25/2021 8:26,
130,LL061_FR38_DL65,LL061_FR38_DL65_5,UO,X,8/25/2021 10:38,8/25/2021 10:39,
131,LL061_FR38_DL65,LL061_FR38_DL65_6,UO,UO,8/25/2021 11:54,8/25/2021 12:28,
132,LL061_FR38_DL65,LL061_FR38_DL65_7,UO,UO,8/25/2021 12:46,8/25/2021 13:35,
133,LL061_FR38_DL65,LL061_FR38_DL65_8,UO,UO,8/28/2021 6:14,8/28/2021 7:24,
134,LL061_FR38_DL65,LL061_FR38_DL65_9,UO,BW,8/28/2021 13:39,8/28/2021 13:41,
135,LL061_FR38_DL65,LL061_FR38_DL65_10,UO,BW,8/28/2021 13:52,8/28/2021 14:01,
136,LL061_FR38_DL65,LL061_FR38_DL65_11,UO,UO,8/30/2021 9:45,8/30/2021 11:13,
137,LL061_FR38_DL65,LL061_FR38_DL65_12,UO,NA,9/1/2021 4:32,9/1/2021 4:33,
138,LL061_FR38_DL65,LL061_FR38_DL65_13,UO,X,9/1/2021 4:53,9/1/2021 4:57,
139,LL061_FR38_DL65,LL061_FR38_DL65_14,UO,BW,9/2/2021 0:31,9/2/2021 0:56,
140,LL061_FR38_DL65,LL061_FR38_DL65_15,UO,NA,9/2/2021 7:05,9/2/2021 7:06,
141,LL061_FR38_DL65,LL061_FR38_DL65_16,UO,UO,9/2/2021 12:12,9/2/2021 12:55,
142,LL061_FR45_DL84,LL061_FR45_DL84_1,UO,UO,8/25/2021 0:59,8/25/2021 1:47,
143,LL061_FR45_DL84,LL061_FR45_DL84_2,UO,UO,8/25/2021 7:29,8/25/2021 7:59,
144,LL061_FR45_DL84,LL061_FR45_DL84_3,UO,UO,8/25/2021 9:07,8/25/2021 9:48,
145,LL061_FR45_DL84,LL061_FR45_DL84_4,UO,UO,8/27/2021 4:16,8/27/2021 4:29,
146,LL061_FR45_DL84,LL061_FR45_DL84_5,UO,NA,8/28/2021 11:18,8/28/2021 11:32,
147,LL061_FR45_DL84,LL061_FR45_DL84_6,UO,Pc,8/28/2021 13:01,8/28/2021 13:35,
148,LL061_FR45_DL84,LL061_FR45_DL84_7,UO,UO,8/30/2021 0:20,8/30/2021 0:28,
149,LL061_FR45_DL84,LL061_FR45_DL84_8,UO,Gg,8/30/2021 6:27,8/30/2021 8:30,banding in clicks
150,LL061_FR45_DL84,LL061_FR45_DL84_9,UO,UO,8/30/2021 12:18,8/30/2021 13:44,
151,LL061_FR45_DL84,LL061_FR45_DL84_10,UO,UO,8/30/2021 15:12,8/30/2021 16:04,
152,LL061_FR45_DL84,LL061_FR45_DL84_11,UO,UO,9/1/2021 6:18,9/1/2021 7:01,
153,LL061_FR45_DL84,LL061_FR45_DL84_12,UO,NA,9/2/2021 6:16,9/2/2021 6:20,
154,LL061_FR45_DL84,LL061_FR45_DL84_13,UO,UO,9/2/2021 15:10,9/2/2021 15:29,
155,LL061_FR52_DL59,LL061_FR52_DL59_1,UO,UO,8/25/2021 6:34,8/25/2021 9:27,
156,LL061_FR52_DL59,LL061_FR52_DL59_2,UO,UO,8/25/2021 10:03,8/25/2021 10:07,
157,LL061_FR52_DL59,LL061_FR52_DL59_3,UO,UO,8/27/2021 7:46,8/27/2021 9:08,
158,LL061_FR52_DL59,LL061_FR52_DL59_4,UO,UO,8/27/2021 9:34,8/27/2021 10:39,
159,LL061_FR52_DL59,LL061_FR52_DL59_5,UO,NA,8/28/2021 6:09,8/28/2021 6:10,
160,LL061_FR52_DL59,LL061_FR52_DL59_6,UO,BW,8/29/2021 14:21,8/29/2021 14:26,
161,LL061_FR52_DL59,LL061_FR52_DL59_7,UO,X,9/1/2021 2:44,9/1/2021 3:45,
162,LL061_FR52_DL59,LL061_FR52_DL59_8,UO,NA,9/1/2021 3:56,9/1/2021 3:58,
163,LL061_FR52_DL59,LL061_FR52_DL59_9,UO,UO,9/1/2021 3:58,9/1/2021 6:38,
164,LL061_FR52_DL59,LL061_FR52_DL59_10,UO,UO,9/1/2021 6:45,9/1/2021 9:16,
165,LL061_FR52_DL59,LL061_FR52_DL59_11,UO,UO,9/1/2021 9:38,9/1/2021 9:54,
166,LL061_FR64_DL88,LL061_FR64_DL88_1,UO,NA,8/27/2021 0:37,8/27/2021 0:38,
167,LL061_FR64_DL88,LL061_FR64_DL88_2,UO,UO,8/27/2021 10:12,8/27/2021 10:32,
168,LL061_FR64_DL88,LL061_FR64_DL88_3,UO,UO,8/27/2021 10:43,8/27/2021 10:51,
169,LL061_FR64_DL88,LL061_FR64_DL88_4,UO,X,8/28/2021 2:41,8/28/2021 2:51,
170,LL061_FR64_DL88,LL061_FR64_DL88_5,UO,Gg,8/28/2021 5:37,8/28/2021 6:58,banding in clicks
171,LL061_FR64_DL88,LL061_FR64_DL88_6,UO,X,8/28/2021 7:24,8/28/2021 9:20,
172,LL061_FR64_DL88,LL061_FR64_DL88_7,UO,UO,9/1/2021 1:41,9/1/2021 2:07,
173,LL061_FR64_DL88,LL061_FR64_DL88_8,UO,UO,9/1/2021 2:46,9/1/2021 2:52,
174,LL061_FR64_DL88,LL061_FR64_DL88_9,UO,UO,9/2/2021 7:24,9/2/2021 9:25,
175,LL062_FR04_DL88,LL062_FR04_DL88_1,UO,UO,2/14/2022 7:06,2/14/2022 7:22,
176,LL062_FR04_DL88,LL062_FR04_DL88_2,UO,UO,2/15/2022 23:47,2/16/2022 0:54,
177,LL062_FR04_DL88,LL062_FR04_DL88_3,UO,X,2/16/2022 4:33,2/16/2022 4:36,
178,LL062_FR04_DL88,LL062_FR04_DL88_4,UO,X,2/16/2022 6:00,2/16/2022 6:15,
179,LL062_FR04_DL88,LL062_FR04_DL88_5,UO,UO,2/17/2022 9:46,2/17/2022 10:35,
180,LL062_FR04_DL88,LL062_FR04_DL88_6,UO,UO,2/17/2022 12:49,2/17/2022 13:37,
181,LL062_FR04_DL88,LL062_FR04_DL88_7,UO,UO,2/19/2022 6:10,2/19/2022 6:57,
182,LL062_FR04_DL88,LL062_FR04_DL88_8,UO,UO,2/19/2022 12:44,2/19/2022 14:04,
183,LL062_FR04_DL88,LL062_FR04_DL88_9,UO,UO,2/20/2022 5:47,2/20/2022 5:56,
184,LL062_FR04_DL88,LL062_FR04_DL88_10,UO,UO,2/20/2022 6:04,2/20/2022 6:56,
185,LL062_FR04_DL88,LL062_FR04_DL88_11,UO,NA,2/20/2022 16:13,2/20/2022 16:14,
186,LL062_FR04_DL88,LL062_FR04_DL88_12,UO,X,2/21/2022 10:38,2/21/2022 10:44,
187,LL062_FR04_DL88,LL062_FR04_DL88_13,UO,NA,2/21/2022 11:00,2/21/2022 11:01,
188,LL062_FR04_DL88,LL062_FR04_DL88_14,UO,UO,2/21/2022 13:19,2/21/2022 14:02,
189,LL062_FR45_DL84,LL062_FR45_DL84_1,UO,UO,2/17/2022 5:04,2/17/2022 5:21,
190,LL062_FR52_DL59,LL062_FR52_DL59_1,UO,Gg,2/14/2022 6:41,2/14/2022 7:54,banding in clicks (Gg?)
191,LL062_FR52_DL59,LL062_FR52_DL59_2,UO,X,2/14/2022 8:05,2/14/2022 8:13,
192,LL062_FR52_DL59,LL062_FR52_DL59_3,UO,BW,2/15/2022 21:25,2/15/2022 21:37,
193,LL062_FR52_DL59,LL062_FR52_DL59_4,UO,BW,2/15/2022 22:42,2/15/2022 23:05,BW (likely Md)
194,LL062_FR52_DL59,LL062_FR52_DL59_5,UO,UO,2/16/2022 2:00,2/16/2022 2:29,
195,LL062_FR52_DL59,LL062_FR52_DL59_6,UO,BW,2/16/2022 7:32,2/16/2022 8:01,BW (likely Zc)
196,LL062_FR52_DL59,LL062_FR52_DL59_7,UO,UO,2/17/2022 7:02,2/17/2022 8:24,
197,LL062_FR52_DL59,LL062_FR52_DL59_8,UO,UO,2/19/2022 0:13,2/19/2022 0:34,
198,LL062_FR52_DL59,LL062_FR52_DL59_9,UO,UO,2/19/2022 1:08,2/19/2022 1:32,
199,LL062_FR52_DL59,LL062_FR52_DL59_10,UO,UO,2/20/2022 2:11,2/20/2022 2:38,
200,LL062_FR52_DL59,LL062_FR52_DL59_11,UO,X,2/20/2022 11:19,2/20/2022 11:55,
201,LL062_FR52_DL59,LL062_FR52_DL59_12,UO,UO,2/24/2022 6:51,2/24/2022 7:20,
202,LL062_FR52_DL59,LL062_FR52_DL59_13,UO,X,2/24/2022 7:33,2/24/2022 7:35,
203,LL063_FR05_DL96,LL063_FR05_DL96_1,UO,X,5/18/2022 1:43,5/18/2022 3:23,
204,LL063_FR05_DL96,LL063_FR05_DL96_2,UO,X,5/18/2022 5:22,5/18/2022 5:51,
205,LL063_FR05_DL96,LL063_FR05_DL96_3,UO,X,5/21/2022 7:36,5/21/2022 8:10,
206,LL063_FR05_DL96,LL063_FR05_DL96_4,UO,X,5/22/2022 4:14,5/22/2022 4:24,
207,LL063_FR05_DL96,LL063_FR05_DL96_5,UO,UO,5/22/2022 8:30,5/22/2022 9:35,
208,LL063_FR05_DL96,LL063_FR05_DL96_6,UO,X,5/22/2022 14:56,5/22/2022 15:23,
209,LL063_FR05_DL96,LL063_FR05_DL96_7,UO,UO,5/23/2022 5:24,5/23/2022 8:02,
210,LL063_FR05_DL96,LL063_FR05_DL96_8,UO,BW,5/23/2022 8:52,5/23/2022 9:00,
211,LL063_FR05_DL96,LL063_FR05_DL96_9,UO,X,5/23/2022 12:34,5/23/2022 13:09,
212,LL063_FR05_DL96,LL063_FR05_DL96_10,UO,X,5/24/2022 17:20,5/24/2022 17:31,
213,LL063_FR51_DL64,LL063_FR51_DL64_1,UO,Gg,5/17/2022 5:10,5/17/2022 5:36,banding in clicks
214,LL063_FR51_DL64,LL063_FR51_DL64_2,UO,X,5/17/2022 8:06,5/17/2022 9:01,
215,LL063_FR51_DL64,LL063_FR51_DL64_3,UO,X,5/17/2022 13:43,5/17/2022 14:26,
216,LL063_FR51_DL64,LL063_FR51_DL64_4,UO,UO,5/18/2022 1:20,5/18/2022 2:39,
217,LL063_FR51_DL64,LL063_FR51_DL64_5,UO,X,5/18/2022 6:05,5/18/2022 6:45,
218,LL063_FR51_DL64,LL063_FR51_DL64_6,UO,X,5/18/2022 7:48,5/18/2022 9:38,
219,LL063_FR51_DL64,LL063_FR51_DL64_7,UO,X,5/18/2022 11:01,5/18/2022 12:04,
220,LL063_FR51_DL64,LL063_FR51_DL64_8,UO,BW,5/18/2022 12:09,5/18/2022 12:20,
221,LL063_FR51_DL64,LL063_FR51_DL64_9,UO,X,5/18/2022 14:14,5/18/2022 14:25,
222,LL063_FR51_DL64,LL063_FR51_DL64_10,UO,BW,5/18/2022 14:40,5/18/2022 14:53,
223,LL063_FR51_DL64,LL063_FR51_DL64_11,UO,X,5/18/2022 20:19,5/18/2022 20:41,
224,LL063_FR51_DL64,LL063_FR51_DL64_12,UO,UO,5/19/2022 4:56,5/19/2022 5:35,
225,LL063_FR51_DL64,LL063_FR51_DL64_13,UO,UO,5/19/2022 23:32,5/20/2022 0:02,
226,LL063_FR51_DL64,LL063_FR51_DL64_14,UO,NA,5/20/2022 10:00,5/20/2022 10:02,
227,LL063_FR51_DL64,LL063_FR51_DL64_15,UO,UO,5/20/2022 13:38,5/20/2022 14:03,
228,LL063_FR51_DL64,LL063_FR51_DL64_16,UO,X,5/22/2022 5:11,5/22/2022 5:58,Pc?
229,LL063_FR51_DL64,LL063_FR51_DL64_17,UO,X,5/24/2022 9:30,5/24/2022 10:29,
230,LL063_FR52_DL59,LL063_FR52_DL59_1,UO,X,5/18/2022 3:12,5/18/2022 4:11,
231,LL063_FR52_DL59,LL063_FR52_DL59_2,UO,UO,5/20/2022 4:11,5/20/2022 4:22,
232,LL063_FR52_DL59,LL063_FR52_DL59_3,UO,UO,5/20/2022 5:00,5/20/2022 6:02,
233,LL063_FR52_DL59,LL063_FR52_DL59_4,UO,Gg,5/21/2022 12:44,5/21/2022 13:24,banding in clicks
234,LL063_FR52_DL59,LL063_FR52_DL59_5,UO,UO,5/22/2022 1:21,5/22/2022 1:52,
235,LL063_FR52_DL59,LL063_FR52_DL59_6,UO,UO,5/22/2022 2:45,5/22/2022 2:56,
236,LL063_FR52_DL59,LL063_FR52_DL59_7,UO,UO,5/22/2022 3:45,5/22/2022 4:39,
237,LL063_FR52_DL59,LL063_FR52_DL59_8,UO,NA,5/22/2022 14:40,5/22/2022 14:43,
238,LL063_FR52_DL59,LL063_FR52_DL59_9,UO,X,5/23/2022 4:01,5/23/2022 4:21,
239,LL063_FR52_DL59,LL063_FR52_DL59_10,UO,UO,5/23/2022 12:07,5/23/2022 12:41,
240,LL063_FR52_DL59,LL063_FR52_DL59_11,UO,UO,5/24/2022 8:53,5/24/2022 9:52,banding in clicks
241,LL063_FR63_DL73,LL063_FR63_DL73_1,UO,Pm,5/17/2022 22:42,5/17/2022 23:31,Oo?
242,LL063_FR63_DL73,LL063_FR63_DL73_2,UO,Pm,5/18/2022 0:38,5/18/2022 1:28,Oo?
243,LL063_FR63_DL73,LL063_FR63_DL73_3,UO,Pm,5/18/2022 3:52,5/18/2022 4:03,
244,LL063_FR63_DL73,LL063_FR63_DL73_4,UO,Pm,5/18/2022 8:24,5/18/2022 9:27,
245,LL063_FR63_DL73,LL063_FR63_DL73_5,UO,UO,5/19/2022 4:46,5/19/2022 5:53,
246,LL063_FR63_DL73,LL063_FR63_DL73_6,UO,UO,5/19/2022 8:29,5/19/2022 8:42,
247,LL063_FR63_DL73,LL063_FR63_DL73_7,UO,UO,5/19/2022 9:20,5/19/2022 11:32,
248,LL063_FR63_DL73,LL063_FR63_DL73_8,UO,UO,5/19/2022 11:54,5/19/2022 13:03,
249,LL063_FR63_DL73,LL063_FR63_DL73_9,UO,BW,5/20/2022 1:40,5/20/2022 1:56,
250,LL063_FR63_DL73,LL063_FR63_DL73_10,UO,UO,5/20/2022 7:15,5/20/2022 7:29,
251,LL063_FR63_DL73,LL063_FR63_DL73_11,UO,X,5/20/2022 9:29,5/20/2022 10:55,
252,LL063_FR63_DL73,LL063_FR63_DL73_12,UO,UO,5/20/2022 14:03,5/20/2022 14:23,
253,LL063_FR63_DL73,LL063_FR63_DL73_13,UO,X,5/22/2022 6:02,5/22/2022 7:21,
254,LL063_FR63_DL73,LL063_FR63_DL73_14,UO,UO,5/22/2022 10:04,5/22/2022 10:46,
255,LL064_FR05_DL96,LL064_FR05_DL96_1,UO,X,7/15/2022 5:08,7/15/2022 5:40,
256,LL064_FR05_DL96,LL064_FR05_DL96_2,UO,X,7/15/2022 7:04,7/15/2022 7:16,
257,LL064_FR05_DL96,LL064_FR05_DL96_3,UO,UO,7/17/2022 3:54,7/17/2022 4:17,
258,LL064_FR05_DL96,LL064_FR05_DL96_4,UO,UO,7/17/2022 7:02,7/17/2022 8:09,
259,LL064_FR05_DL96,LL064_FR05_DL96_5,UO,UO,7/17/2022 12:45,7/17/2022 12:53,
260,LL064_FR05_DL96,LL064_FR05_DL96_6,UO,UO,7/17/2022 13:58,7/17/2022 14:01,
261,LL064_FR05_DL96,LL064_FR05_DL96_7,UO,Pc,7/18/2022 11:55,7/18/2022 12:39,Pc?
262,LL064_FR05_DL96,LL064_FR05_DL96_8,UO,UO,7/22/2022 8:59,7/22/2022 9:45,
263,LL064_FR05_DL96,LL064_FR05_DL96_9,UO,UO,7/24/2022 6:58,7/24/2022 7:45,
264,LL064_FR05_DL96,LL064_FR05_DL96_10,UO,UO,7/24/2022 15:11,7/24/2022 16:02,
265,LL064_FR51_DL64,LL064_FR51_DL64_1,UO,UO,7/18/2022 9:26,7/18/2022 9:56,
266,LL064_FR51_DL64,LL064_FR51_DL64_2,UO,Pc,7/20/2022 0:30,7/20/2022 0:35,
267,LL064_FR51_DL64,LL064_FR51_DL64_3,UO,Pc,7/20/2022 0:50,7/20/2022 1:17,
268,LL064_FR51_DL64,LL064_FR51_DL64_4,UO,Pc,7/20/2022 1:49,7/20/2022 1:51,
269,LL064_FR51_DL64,LL064_FR51_DL64_5,UO,UO,7/20/2022 9:39,7/20/2022 11:01,
270,LL064_FR51_DL64,LL064_FR51_DL64_6,UO,UO,7/20/2022 13:58,7/20/2022 15:13,
271,LL064_FR51_DL64,LL064_FR51_DL64_7,UO,UO,7/21/2022 12:15,7/21/2022 12:48,
272,LL064_FR51_DL64,LL064_FR51_DL64_8,UO,UO,7/22/2022 5:08,7/22/2022 5:54,
273,LL064_FR52_DL59,LL064_FR52_DL59_1,UO,X,7/15/2022 3:28,7/15/2022 4:17,
274,LL064_FR52_DL59,LL064_FR52_DL59_2,UO,UO,7/15/2022 11:40,7/15/2022 12:48,
275,LL064_FR52_DL59,LL064_FR52_DL59_3,UO,UO,7/18/2022 12:25,7/18/2022 12:36,
276,LL064_FR52_DL59,LL064_FR52_DL59_4,UO,Pc,7/19/2022 23:37,7/20/2022 0:27,
277,LL064_FR52_DL59,LL064_FR52_DL59_5,UO,BW,7/21/2022 8:49,7/21/2022 8:55,BWC FM pulses mixed in with lower freq clicks and buzzes
278,LL064_FR52_DL59,LL064_FR52_DL59_6,UO,UO,7/21/2022 9:38,7/21/2022 10:21,
279,LL064_FR52_DL59,LL064_FR52_DL59_7,UO,UO,7/22/2022 8:45,7/22/2022 9:33,
280,LL064_FR52_DL59,LL064_FR52_DL59_8,UO,UO,7/24/2022 5:01,7/24/2022 5:54,
281,LL064_FR63_DL73,LL064_FR63_DL73_1,UO,UO,7/14/2022 11:14,7/14/2022 12:05,
282,LL064_FR63_DL73,LL064_FR63_DL73_2,UO,UO,7/14/2022 15:09,7/14/2022 15:21,
283,LL064_FR63_DL73,LL064_FR63_DL73_3,UO,BW,7/17/2022 11:36,7/17/2022 11:47,
284,LL064_FR63_DL73,LL064_FR63_DL73_4,UO,Pc,7/18/2022 1:14,7/18/2022 1:50,
285,LL064_FR63_DL73,LL064_FR63_DL73_5,UO,UO,7/18/2022 9:22,7/18/2022 9:55,
286,LL064_FR63_DL73,LL064_FR63_DL73_6,UO,UO,7/20/2022 3:56,7/20/2022 4:41,
287,LL064_FR63_DL73,LL064_FR63_DL73_7,UO,UO,7/20/2022 6:28,7/20/2022 7:33,
288,LL064_FR63_DL73,LL064_FR63_DL73_8,UO,Gg,7/21/2022 6:46,7/21/2022 7:40,banding in clicks
289,LL064_FR63_DL73,LL064_FR63_DL73_9,UO,UO,7/22/2022 7:08,7/22/2022 7:33,
290,LL064_FR63_DL73,LL064_FR63_DL73_10,UO,BW,7/24/2022 0:43,7/24/2022 0:50,
291,LL064_FR63_DL73,LL064_FR63_DL73_11,UO,Gg,7/24/2022 7:44,7/24/2022 8:14,
292,LL065_FR05_DL96,LL065_FR05_DL96_1,UO,X,9/2/2022 8:31,9/2/2022 9:26,
293,LL065_FR05_DL96,LL065_FR05_DL96_2,UO,UO,9/3/2022,9/3/2022 1:04,
294,LL065_FR05_DL96,LL065_FR05_DL96_3,UO,BW,9/3/2022 8:29,9/3/2022 8:44,BW
295,LL065_FR05_DL96,LL065_FR05_DL96_4,UO,X,9/4/2022 8:56,9/4/2022 10:26,
296,LL065_FR05_DL96,LL065_FR05_DL96_5,UO,X,9/4/2022 13:12,9/4/2022 13:30,
297,LL065_FR10_DL73,LL065_FR10_DL73_1,UO,X,9/1/2022 17:44,9/1/2022 17:59,
298,LL065_FR10_DL73,LL065_FR10_DL73_2,UO,UO,9/2/2022 11:01,9/2/2022 11:38,
299,LL065_FR10_DL73,LL065_FR10_DL73_3,UO,UO,9/3/2022 5:48,9/3/2022 6:32,
300,LL065_FR10_DL73,LL065_FR10_DL73_4,UO,UO,9/3/2022 7:12,9/3/2022 9:36,
301,LL065_FR10_DL73,LL065_FR10_DL73_5,UO,BW,9/3/2022 13:44,9/3/2022 14:01,
302,LL065_FR10_DL73,LL065_FR10_DL73_6,UO,BW,9/4/2022 6:19,9/4/2022 6:26,
303,LL065_FR10_DL73,LL065_FR10_DL73_7,UO,X,9/4/2022 7:50,9/4/2022 8:30,
304,LL065_FR10_DL73,LL065_FR10_DL73_8,UO,UO,9/4/2022 14:33,9/4/2022 14:47,
305,LL065_FR51_DL64,LL065_FR51_DL64_1,UO,X,9/3/2022 5:46,9/3/2022 6:11,sperm whale clicks mixed in
306,LL065_FR51_DL64,LL065_FR51_DL64_2,UO,Pc,9/4/2022 4:15,9/4/2022 5:30,
307,LL065_FR52_DL59,LL065_FR52_DL59_1,UO,Gg,8/30/2022 18:48,8/30/2022 18:58,banding in clicks
308,LL065_FR52_DL59,LL065_FR52_DL59_2,UO,X,8/31/2022 0:35,8/31/2022 0:36,
309,LL065_FR52_DL59,LL065_FR52_DL59_3,UO,NA,8/31/2022 1:15,8/31/2022 1:17,
310,LL065_FR52_DL59,LL065_FR52_DL59_4,UO,Pc,9/2/2022 12:56,9/2/2022 13:27,
311,LL066_FR05_DL96,LL066_FR05_DL96_1,UO,UO,1/19/2023 6:31,1/19/2023 6:34,
312,LL066_FR05_DL96,LL066_FR05_DL96_2,UO,X,1/19/2023 8:58,1/19/2023 9:00,
313,LL066_FR05_DL96,LL066_FR05_DL96_3,UO,X,1/22/2023 3:45,1/22/2023 4:13,
314,LL066_FR05_DL96,LL066_FR05_DL96_4,UO,UO,1/23/2023 7:54,1/23/2023 8:56,
315,LL066_FR05_DL96,LL066_FR05_DL96_5,UO,UO,1/24/2023 5:48,1/24/2023 6:53,
316,LL066_FR05_DL96,LL066_FR05_DL96_6,UO,UO,1/24/2023 9:53,1/24/2023 10:09,
317,LL066_FR05_DL96,LL066_FR05_DL96_7,UO,UO,1/28/2023 7:04,1/28/2023 7:16,
318,LL066_FR51_DL64,LL066_FR51_DL64_1,UO,X,1/17/2023 22:55,1/17/2023 22:56,
319,LL066_FR51_DL64,LL066_FR51_DL64_2,UO,UO,1/18/2023 3:31,1/18/2023 4:09,
320,LL066_FR51_DL64,LL066_FR51_DL64_3,UO,NA,1/18/2023 8:14,1/18/2023 8:27,
321,LL066_FR51_DL64,LL066_FR51_DL64_4,UO,UO,1/21/2023 7:22,1/21/2023 8:17,
322,LL066_FR51_DL64,LL066_FR51_DL64_5,UO,UO,1/21/2023 8:52,1/21/2023 9:15,
323,LL066_FR51_DL64,LL066_FR51_DL64_6,UO,UO,1/26/2023 9:18,1/26/2023 9:36,banding in clicks
324,LL066_FR51_DL64,LL066_FR51_DL64_7,UO,UO,1/27/2023 8:02,1/27/2023 8:43,
325,LL066_FR51_DL64,LL066_FR51_DL64_8,UO,UO,1/27/2023 9:58,1/27/2023 10:24,
326,LL066_FR52_DL59,LL066_FR52_DL59_1,UO,X,1/18/2023 0:20,1/18/2023 0:52,
327,LL066_FR52_DL59,LL066_FR52_DL59_2,UO,X,1/19/2023 8:09,1/19/2023 8:31,
328,LL066_FR52_DL59,LL066_FR52_DL59_3,UO,UO,1/21/2023 4:51,1/21/2023 5:42,
329,LL066_FR52_DL59,LL066_FR52_DL59_4,UO,UO,1/25/2023 6:11,1/25/2023 8:59,
330,LL066_FR52_DL59,LL066_FR52_DL59_5,UO,UO,1/27/2023 7:23,1/27/2023 7:49,
331,LL067_FR45_DL60,LL067_FR45_DL60_1,UO,X,3/11/2023 0:24,3/11/2023 4:27,Oo pulsed calls?
332,LL067_FR45_DL60,LL067_FR45_DL60_2,UO,UO,3/12/2023 3:07,3/12/2023 3:22,
333,LL067_FR45_DL60,LL067_FR45_DL60_3,UO,UO,3/13/2023 21:26,3/13/2023 21:43,
334,LL067_FR45_DL60,LL067_FR45_DL60_4,UO,BW,3/13/2023 21:46,3/13/2023 22:04,
335,LL067_FR45_DL60,LL067_FR45_DL60_5,UO,UO,3/13/2023 22:17,3/14/2023 2:26,
336,LL067_FR45_DL60,LL067_FR45_DL60_6,UO,X,3/14/2023 3:33,3/14/2023 4:10,
337,LL067_FR45_DL60,LL067_FR45_DL60_7,UO,UO,3/14/2023 5:21,3/14/2023 7:11,
338,LL067_FR45_DL60,LL067_FR45_DL60_8,UO,X,3/14/2023 7:59,3/14/2023 11:28,
339,LL067_FR45_DL60,LL067_FR45_DL60_9,UO,UO,3/14/2023 12:07,3/14/2023 12:34,banding in clicks
340,LL067_FR45_DL60,LL067_FR45_DL60_10,UO,UO,3/14/2023 12:34,3/14/2023 15:50,
341,LL067_FR45_DL60,LL067_FR45_DL60_11,UO,X,3/14/2023 16:16,3/14/2023 16:33,
342,LL067_FR45_DL60,LL067_FR45_DL60_12,UO,X,3/14/2023 20:24,3/14/2023 20:33,
343,LL067_FR45_DL60,LL067_FR45_DL60_13,UO,UO,3/14/2023 21:01,3/14/2023 21:18,
344,LL067_FR45_DL60,LL067_FR45_DL60_14,UO,X,3/14/2023 21:59,3/14/2023 23:39,
345,LL067_FR45_DL60,LL067_FR45_DL60_15,UO,UO,3/15/2023 0:28,3/15/2023 1:29,
346,LL067_FR45_DL60,LL067_FR45_DL60_16,UO,UO,3/15/2023 5:39,3/15/2023 6:54,
347,LL067_FR45_DL60,LL067_FR45_DL60_17,UO,UO,3/15/2023 8:00,3/15/2023 8:47,
348,LL067_FR45_DL60,LL067_FR45_DL60_18,UO,UO,3/15/2023 9:46,3/15/2023 10:33,
349,LL067_FR45_DL60,LL067_FR45_DL60_19,UO,Pc,3/18/2023 4:47,3/18/2023 9:28,Pc?
350,LL067_FR51_DL64,LL067_FR51_DL64_1,UO,X,3/11/2023 1:55,3/11/2023 2:09,
351,LL067_FR51_DL64,LL067_FR51_DL64_2,UO,UO,3/11/2023 23:11,3/11/2023 23:35,
352,LL067_FR51_DL64,LL067_FR51_DL64_3,UO,UO,3/12/2023 5:29,3/12/2023 7:32,
353,LL067_FR51_DL64,LL067_FR51_DL64_4,UO,UO,3/12/2023 10:12,3/12/2023 10:26,
354,LL067_FR51_DL64,LL067_FR51_DL64_5,UO,UO,3/12/2023 12:00,3/12/2023 13:41,
355,LL067_FR51_DL64,LL067_FR51_DL64_6,UO,UO,3/12/2023 15:14,3/12/2023 16:05,
356,LL067_FR51_DL64,LL067_FR51_DL64_7,UO,UO,3/13/2023 23:51,3/14/2023,
357,LL067_FR51_DL64,LL067_FR51_DL64_8,UO,X,3/14/2023 2:26,3/14/2023 3:50,
358,LL067_FR51_DL64,LL067_FR51_DL64_9,UO,X,3/14/2023 5:32,3/14/2023 5:45,
359,LL067_FR51_DL64,LL067_FR51_DL64_10,UO,UO,3/14/2023 6:50,3/14/2023 8:51,
360,LL067_FR51_DL64,LL067_FR51_DL64_11,UO,X,3/14/2023 10:46,3/14/2023 12:25,
361,LL067_FR51_DL64,LL067_FR51_DL64_12,UO,UO,3/14/2023 13:05,3/14/2023 13:35,
362,LL067_FR51_DL64,LL067_FR51_DL64_13,UO,X,3/15/2023 0:26,3/15/2023 4:36,
363,LL067_FR51_DL64,LL067_FR51_DL64_14,UO,UO,3/15/2023 5:06,3/15/2023 5:24,
364,LL067_FR51_DL64,LL067_FR51_DL64_15,UO,UO,3/15/2023 9:20,3/15/2023 10:00,
365,LL067_FR51_DL64,LL067_FR51_DL64_16,UO,UO,3/17/2023 5:02,3/17/2023 6:46,
366,LL067_FR51_DL64,LL067_FR51_DL64_17,UO,Pc,3/17/2023 22:30,3/17/2023 23:53,
367,LL067_FR51_DL64,LL067_FR51_DL64_18,UO,Pc,3/18/2023 0:40,3/18/2023 0:50,
368,LL067_FR51_DL64,LL067_FR51_DL64_19,UO,UO,3/18/2023 8:49,3/18/2023 10:00,
369,LL067_FR51_DL64,LL067_FR51_DL64_20,UO,UO,3/18/2023 11:29,3/18/2023 12:25,
370,LL067_FR52_DL59,LL067_FR52_DL59_1,UO,X,3/10/2023 20:20,3/10/2023 20:40,
371,LL067_FR52_DL59,LL067_FR52_DL59_2,UO,UO,3/10/2023 22:56,3/10/2023 23:10,
372,LL067_FR52_DL59,LL067_FR52_DL59_3,UO,UO,3/11/2023 6:30,3/11/2023 8:03,
373,LL067_FR52_DL59,LL067_FR52_DL59_4,UO,UO,3/11/2023 14:40,3/11/2023 15:13,
374,LL067_FR52_DL59,LL067_FR52_DL59_5,UO,UO,3/11/2023 15:36,3/11/2023 16:12,
375,LL067_FR52_DL59,LL067_FR52_DL59_6,UO,X,3/12/2023 2:28,3/12/2023 2:34,
376,LL067_FR52_DL59,LL067_FR52_DL59_7,UO,UO,3/14/2023 5:07,3/14/2023 6:41,
377,LL067_FR52_DL59,LL067_FR52_DL59_8,UO,UO,3/15/2023 5:03,3/15/2023 6:10,
378,LL067_FR52_DL59,LL067_FR52_DL59_9,UO,UO,3/15/2023 8:39,3/15/2023 13:21,
379,LL067_FR52_DL59,LL067_FR52_DL59_10,UO,UO,3/15/2023 15:08,3/15/2023 15:39,
380,LL067_FR52_DL59,LL067_FR52_DL59_11,UO,X,3/17/2023 1:38,3/17/2023 1:43,
381,LL067_FR64_DL88,LL067_FR64_DL88_1,UO,UO,3/11/2023 5:15,3/11/2023 7:03,
382,LL067_FR64_DL88,LL067_FR64_DL88_2,UO,UO,3/11/2023 9:34,3/11/2023 9:51,
383,LL067_FR64_DL88,LL067_FR64_DL88_3,UO,UO,3/11/2023 10:21,3/11/2023 11:34,
384,LL067_FR64_DL88,LL067_FR64_DL88_4,UO,UO,3/12/2023 4:00,3/12/2023 5:31,
385,LL067_FR64_DL88,LL067_FR64_DL88_5,UO,X,3/14/2023 1:54,3/14/2023 2:05,
386,LL067_FR64_DL88,LL067_FR64_DL88_6,UO,UO,3/14/2023 2:57,3/14/2023 9:51,
387,LL067_FR64_DL88,LL067_FR64_DL88_7,UO,X,3/15/2023 5:29,3/15/2023 6:33,
388,LL067_FR64_DL88,LL067_FR64_DL88_8,UO,BW,3/16/2023 22:32,3/16/2023 22:40,
389,LL067_FR64_DL88,LL067_FR64_DL88_9,UO,Gg,3/17/2023 9:04,3/17/2023 9:47,banding in clicks
390,LL067_FR64_DL88,LL067_FR64_DL88_10,UO,X,3/17/2023 14:05,3/17/2023 14:16,
391,LL067_FR64_DL88,LL067_FR64_DL88_11,UO,NA,3/17/2023 15:29,3/17/2023 15:30,
392,LL067_FR64_DL88,LL067_FR64_DL88_12,UO,Pc,3/17/2023 22:26,3/18/2023 2:36,
393,LL067_FR64_DL88,LL067_FR64_DL88_13,UO,BW,3/18/2023 6:36,3/18/2023 6:53,
394,LL067_FR64_DL88,LL067_FR64_DL88_14,UO,BW,3/18/2023 7:55,3/18/2023 8:08,
395,LL067_FR64_DL88,LL067_FR64_DL88_15,UO,BW,3/18/2023 9:26,3/18/2023 9:46,
396,LL067_FR64_DL88,LL067_FR64_DL88_16,UO,Pc,3/18/2023 13:34,3/18/2023 17:05,
397,LL068_FR45_DL60,LL068_FR45_DL60_1,UO,UO,5/24/2023 4:59,5/24/2023 5:09,
398,LL068_FR45_DL60,LL068_FR45_DL60_2,UO,UO,5/25/2023 5:15,5/25/2023 6:01,
399,LL068_FR45_DL60,LL068_FR45_DL60_3,UO,UO,5/25/2023 11:40,5/25/2023 12:02,possible banding in clicks
400,LL068_FR45_DL60,LL068_FR45_DL60_4,UO,X,5/30/2023 0:59,5/30/2023 1:01,
401,LL068_FR51_DL64,LL068_FR51_DL64_1,UO,UO,5/24/2023 7:14,5/24/2023 8:07,
402,LL068_FR51_DL64,LL068_FR51_DL64_2,UO,BW,5/27/2023 0:32,5/27/2023 0:45,
403,LL068_FR51_DL64,LL068_FR51_DL64_3,UO,BW,5/27/2023 2:37,5/27/2023 2:54,
404,LL068_FR51_DL64,LL068_FR51_DL64_4,UO,BW,5/27/2023 9:20,5/27/2023 9:44,
405,LL068_FR51_DL64,LL068_FR51_DL64_5,UO,BW,5/28/2023 3:55,5/28/2023 4:22,
406,LL068_FR51_DL64,LL068_FR51_DL64_6,UO,X,5/30/2023 9:59,5/30/2023 11:04,
407,LL068_FR52_DL59,LL068_FR52_DL59_1,UO,X,5/24/2023 9:35,5/24/2023 10:01,
408,LL068_FR52_DL59,LL068_FR52_DL59_2,UO,X,5/24/2023 13:48,5/24/2023 13:57,
409,LL068_FR52_DL59,LL068_FR52_DL59_3,UO,UO,5/25/2023 5:10,5/25/2023 5:46,
410,LL068_FR52_DL59,LL068_FR52_DL59_4,UO,BW,5/25/2023 12:13,5/25/2023 12:39,
411,LL068_FR52_DL59,LL068_FR52_DL59_5,UO,Pc,5/26/2023 17:05,5/26/2023 18:12,Pc?
412,LL068_FR52_DL59,LL068_FR52_DL59_6,UO,BW,5/27/2023 0:20,5/27/2023 0:42,
413,LL068_FR52_DL59,LL068_FR52_DL59_7,UO,UO,5/27/2023 15:36,5/27/2023 16:45,
414,LL068_FR52_DL59,LL068_FR52_DL59_8,UO,BW,5/27/2023 21:23,5/27/2023 21:56,BW (Md)?
415,LL068_FR52_DL59,LL068_FR52_DL59_9,UO,UO,5/28/2023 11:14,5/28/2023 12:20,banding in clicks
416,LL068_FR52_DL59,LL068_FR52_DL59_10,UO,UO,5/28/2023 14:39,5/28/2023 16:46,
417,LL068_FR52_DL59,LL068_FR52_DL59_11,UO,BW,5/30/2023 9:07,5/30/2023 9:23,
418,LL068_FR52_DL59,LL068_FR52_DL59_12,UO,BW,5/30/2023 11:14,5/30/2023 11:24,
419,LL069_FR05_DL96,LL069_FR05_DL96_1,UO,UO,8/3/2023 8:25,8/3/2023 8:54,
420,LL069_FR05_DL96,LL069_FR05_DL96_2,UO,X,8/3/2023 12:01,8/3/2023 12:05,
421,LL069_FR05_DL96,LL069_FR05_DL96_3,UO,UO,8/3/2023 13:17,8/3/2023 13:52,
422,LL069_FR05_DL96,LL069_FR05_DL96_4,UO,UO,8/4/2023 5:16,8/4/2023 5:40,
423,LL069_FR05_DL96,LL069_FR05_DL96_5,UO,UO,8/4/2023 6:52,8/4/2023 7:24,
424,LL069_FR05_DL96,LL069_FR05_DL96_6,UO,UO,8/4/2023 10:07,8/4/2023 13:24,
425,LL069_FR05_DL96,LL069_FR05_DL96_7,UO,UO,8/5/2023 5:31,8/5/2023 7:19,
426,LL069_FR05_DL96,LL069_FR05_DL96_8,UO,BW,8/5/2023 8:26,8/5/2023 8:31,
427,LL069_FR05_DL96,LL069_FR05_DL96_9,UO,X,8/5/2023 9:01,8/5/2023 9:30,
428,LL069_FR05_DL96,LL069_FR05_DL96_10,UO,UO,8/5/2023 9:51,8/5/2023 10:21,
429,LL069_FR05_DL96,LL069_FR05_DL96_11,UO,X,8/5/2023 10:50,8/5/2023 11:34,
430,LL069_FR05_DL96,LL069_FR05_DL96_12,UO,X,8/5/2023 11:55,8/5/2023 12:29,
431,LL069_FR05_DL96,LL069_FR05_DL96_13,UO,X,8/5/2023 12:28,8/5/2023 14:44,
432,LL069_FR05_DL96,LL069_FR05_DL96_14,UO,UO,8/6/2023 5:57,8/6/2023 7:45,
433,LL069_FR05_DL96,LL069_FR05_DL96_15,UO,X,8/6/2023 8:34,8/6/2023 9:23,
434,LL069_FR05_DL96,LL069_FR05_DL96_16,UO,X,8/7/2023 3:39,8/7/2023 5:02,
435,LL069_FR05_DL96,LL069_FR05_DL96_17,UO,X,8/7/2023 9:34,8/7/2023 10:08,
436,LL069_FR45_DL60,LL069_FR45_DL60_1,UO,X,8/2/2023 5:51,8/2/2023 6:14,
437,LL069_FR45_DL60,LL069_FR45_DL60_2,UO,X,8/4/2023 6:30,8/4/2023 6:40,
438,LL069_FR45_DL60,LL069_FR45_DL60_3,UO,BW,8/4/2023 7:51,8/4/2023 8:14,
439,LL069_FR45_DL60,LL069_FR45_DL60_4,UO,UO,8/4/2023 9:14,8/4/2023 10:18,
440,LL069_FR45_DL60,LL069_FR45_DL60_5,UO,UO,8/5/2023 3:38,8/5/2023 3:45,
441,LL069_FR45_DL60,LL069_FR45_DL60_6,UO,UO,8/5/2023 7:43,8/5/2023 8:38,
442,LL069_FR45_DL60,LL069_FR45_DL60_7,UO,X,8/5/2023 10:16,8/5/2023 10:40,
443,LL069_FR45_DL60,LL069_FR45_DL60_8,UO,X,8/6/2023 1:56,8/6/2023 2:18,
444,LL069_FR45_DL60,LL069_FR45_DL60_9,UO,X,8/6/2023 10:20,8/6/2023 10:35,
445,LL069_FR45_DL60,LL069_FR45_DL60_10,UO,UO,8/6/2023 11:10,8/6/2023 12:05,
446,LL069_FR45_DL60,LL069_FR45_DL60_11,UO,X,8/7/2023 5:04,8/7/2023 5:10,
447,LL069_FR45_DL60,LL069_FR45_DL60_12,UO,X,8/7/2023 6:25,8/7/2023 6:37,
448,LL069_FR45_DL60,LL069_FR45_DL60_13,UO,UO,8/7/2023 10:03,8/7/2023 10:47,
449,LL069_FR45_DL60,LL069_FR45_DL60_14,UO,X,8/7/2023 12:50,8/7/2023 12:52,
450,LL069_FR45_DL60,LL069_FR45_DL60_15,UO,UO,8/8/2023 8:52,8/8/2023 9:48,
451,LL069_FR45_DL60,LL069_FR45_DL60_16,UO,UO,8/8/2023 11:30,8/8/2023 12:09,
452,LL069_FR45_DL60,LL069_FR45_DL60_17,UO,UO,8/9/2023 6:01,8/9/2023 8:58,
453,LL069_FR51_DL64,LL069_FR51_DL64_1,UO,BW,8/3/2023 8:53,8/3/2023 9:04,
454,LL069_FR51_DL64,LL069_FR51_DL64_2,UO,Gg,8/3/2023 9:36,8/3/2023 10:14,
455,LL069_FR51_DL64,LL069_FR51_DL64_3,UO,X,8/3/2023 15:17,8/3/2023 16:02,
456,LL069_FR51_DL64,LL069_FR51_DL64_4,UO,X,8/3/2023 16:16,8/3/2023 16:33,
457,LL069_FR51_DL64,LL069_FR51_DL64_5,UO,UO,8/4/2023 5:06,8/4/2023 8:09,
458,LL069_FR51_DL64,LL069_FR51_DL64_6,UO,X,8/4/2023 9:45,8/4/2023 10:07,
459,LL069_FR51_DL64,LL069_FR51_DL64_7,UO,UO,8/4/2023 12:11,8/4/2023 14:34,
460,LL069_FR51_DL64,LL069_FR51_DL64_8,UO,UO,8/4/2023 15:17,8/4/2023 15:44,
461,LL069_FR51_DL64,LL069_FR51_DL64_9,UO,X,8/5/2023 6:33,8/5/2023 7:01,
462,LL069_FR51_DL64,LL069_FR51_DL64_10,UO,UO,8/5/2023 8:51,8/5/2023 13:25,
463,LL069_FR51_DL64,LL069_FR51_DL64_11,UO,UO,8/5/2023 14:34,8/5/2023 15:39,
464,LL069_FR51_DL64,LL069_FR51_DL64_12,UO,X,8/6/2023 11:09,8/6/2023 12:16,
465,LL069_FR51_DL64,LL069_FR51_DL64_13,UO,BW,8/7/2023 2:29,8/7/2023 2:48,
466,LL069_FR51_DL64,LL069_FR51_DL64_14,UO,UO,8/7/2023 14:59,8/7/2023 15:32,
467,LL069_FR51_DL64,LL069_FR51_DL64_15,UO,X,8/7/2023 16:01,8/7/2023 16:06,
468,LL069_FR51_DL64,LL069_FR51_DL64_16,UO,UO,8/8/2023 11:44,8/8/2023 12:27,
469,LL069_FR51_DL64,LL069_FR51_DL64_17,UO,Gg,8/9/2023 12:30,8/9/2023 13:14,
470,LL069_FR51_DL64,LL069_FR51_DL64_18,UO,Gg,8/9/2023 13:35,8/9/2023 14:38,
471,LL069_FR64_DL88,LL069_FR64_DL88_1,UO,UO,8/4/2023 2:39,8/4/2023 2:44,
472,LL069_FR64_DL88,LL069_FR64_DL88_2,UO,X,8/5/2023 13:10,8/5/2023 13:57,
473,LL069_FR64_DL88,LL069_FR64_DL88_3,UO,X,8/6/2023 2:50,8/6/2023 5:15,
474,LL069_FR64_DL88,LL069_FR64_DL88_4,UO,X,8/6/2023 7:48,8/6/2023 8:20,
475,LL069_FR64_DL88,LL069_FR64_DL88_5,UO,Gg,8/7/2023 6:39,8/7/2023 7:24,
476,LL069_FR64_DL88,LL069_FR64_DL88_6,UO,X,8/9/2023 8:18,8/9/2023 9:39,
477,LL070_FR45_DL60,LL070_FR45_DL60_1,UO,Gg,9/23/2023 8:29,9/23/2023 9:17,banding in clicks
478,LL070_FR45_DL60,LL070_FR45_DL60_2,UO,X,9/24/2023 23:16,9/24/2023 23:18,Kspp
479,LL070_FR45_DL60,LL070_FR45_DL60_3,UO,Pm,9/24/2023 22:59,9/25/2023 2:02,Pm
480,LL070_FR45_DL60,LL070_FR45_DL60_4,UO,Pm,9/25/2023 4:26,9/25/2023 4:50,Pm
481,LL070_FR45_DL60,LL070_FR45_DL60_5,UO,X,9/28/2023 23:59,9/29/2023 0:02,Kspp
482,LL070_FR45_DL60,LL070_FR45_DL60_6,UO,NA,9/29/2023 3:04,9/29/2023 3:11,Kspp
483,LL070_FR51_DL64,LL070_FR51_DL64_1,UO,Pm,9/22/2023 8:18,9/22/2023 8:57,Pm
484,LL070_FR51_DL64,LL070_FR51_DL64_2,UO,Pm,9/22/2023 9:11,9/22/2023 10:23,Pm
485,LL070_FR51_DL64,LL070_FR51_DL64_3,UO,Pm,9/22/2023 10:35,9/22/2023 11:46,Pm
486,LL070_FR51_DL64,LL070_FR51_DL64_4,UO,UO,9/25/2023 3:16,9/25/2023 3:59,
487,LL070_FR63_DL84,LL070_FR63_DL84_1,UO,Pm,9/22/2023 12:24,9/22/2023 13:09,Pm
488,LL070_FR63_DL84,LL070_FR63_DL84_2,UO,X,9/22/2023 13:24,9/22/2023 14:46,Pm
489,LL070_FR63_DL84,LL070_FR63_DL84_3,UO,X,9/22/2023 13:57,9/22/2023 14:36,sperm whale clicks mixed in
490,LL070_FR63_DL84,LL070_FR63_DL84_4,UO,UO,9/23/2023 9:39,9/23/2023 10:51,
491,LL070_FR63_DL84,LL070_FR63_DL84_5,UO,UO,9/25/2023 11:49,9/25/2023 13:01,
492,LL070_FR63_DL84,LL070_FR63_DL84_6,UO,UO,9/26/2023 11:46,9/26/2023 12:53,
493,LL070_FR64_DL88,LL070_FR64_DL88_1,UO,Pm,9/22/2023 3:17,9/22/2023 3:51,Pm
494,LL070_FR64_DL88,LL070_FR64_DL88_2,UO,UO,9/23/2023 4:45,9/23/2023 5:17,
495,LL070_FR64_DL88,LL070_FR64_DL88_3,UO,Kspp,9/25/2023 3:30,9/25/2023 3:34,Kspp
496,LL070_FR64_DL88,LL070_FR64_DL88_4,UO,X,9/25/2023 11:49,9/25/2023 12:08,Pm
497,LL070_FR64_DL88,LL070_FR64_DL88_5,UO,UO,9/26/2023 4:40,9/26/2023 4:49,
498,LL070_FR64_DL88,LL070_FR64_DL88_6,UO,Kspp,9/28/2023 4:47,9/28/2023 4:52,Kspp
499,LL070_FR64_DL88,LL070_FR64_DL88_7,UO,X,9/29/2023 4:15,9/29/2023 4:18,Pm
500,LL070_FR64_DL88,LL070_FR64_DL88_8,UO,X,9/30/2023 3:18,9/30/2023 3:43,noise?
501,LL070_FR64_DL88,LL070_FR64_DL88_9,UO,X,9/30/2023 5:15,9/30/2023 5:36,noise?
502,LL070_FR64_DL88,LL070_FR64_DL88_10,UO,UO,10/1/2023 11:29,10/1/2023 13:20,
