"","trip","id","species","start","stop","notes"
"1","LL003_FR07_DL63","LL003FR07_1","X",2013-04-05 19:30:00,2013-04-05 19:35:00,""
"2","LL003_FR07_DL63","LL003FR07_2","X",2013-04-06 17:52:00,2013-04-06 18:03:00,""
"3","LL003_FR07_DL63","LL003FR07_3","UO",2013-04-06 19:23:00,2013-04-06 19:34:00,""
"4","LL003_FR07_DL63","LL003FR07_4","UO",2013-04-07 20:22:00,2013-04-07 20:37:00,""
"5","LL003_FR07_DL63","LL003FR07_5","UO",2013-04-07 21:03:00,2013-04-07 21:22:00,""
"6","LL003_FR07_DL63","LL003FR07_6","UO",2013-04-08 16:19:00,2013-04-08 16:40:00,""
"7","LL003_FR07_DL63","LL003FR07_7","UO",2013-04-08 19:16:00,2013-04-08 19:46:00,""
"8","LL003_FR07_DL63","LL003FR07_8","UO",2013-04-11 21:01:00,2013-04-11 21:23:00,""
"9","LL003_FR07_DL63","LL003FR07_9","UO",2013-04-12 17:16:00,2013-04-12 17:18:00,""
"10","LL003_FR07_DL63","LL003FR07_10","UO",2013-04-12 19:28:00,2013-04-12 19:43:00,""
"11","LL003_FR07_DL63","LL003FR07_11","UO",2013-04-12 20:48:00,2013-04-12 21:19:00,""
"12","LL003_FR07_DL63","LL003FR07_12","UO",2013-04-13 18:49:00,2013-04-13 19:03:00,""
"13","LL003_FR07_DL63","LL003FR07_13","X",2013-04-14 15:30:00,2013-04-14 15:52:00,"ROCCA predicted Pc; too few detections overall to decide"
"14","LL003_FR07_DL63","LL003FR07_14","UO",2013-04-14 19:43:00,2013-04-14 20:30:00,""
"15","LL003_FR10_DL60","LL003FR10_1","X",2013-04-15 16:47:00,2013-04-15 16:50:00,"faint whistles"
"16","LL003_FR10_DL60","LL003FR10_2","UO",2013-04-15 20:10:00,2013-04-15 20:28:00,""
"17","LL003_FR10_DL60","LL003FR10_3","X",2013-04-16 18:23:00,2013-04-16 18:49:00,"faint whistles"
"18","LL003_FR10_DL60","LL003FR10_4","UO",2013-04-16 19:25:00,2013-04-16 19:43:00,""
"19","LL003_FR10_DL60","LL003FR10_5","Pc",2013-04-17 14:45:00,2013-04-17 15:46:00,""
"20","LL003_FR10_DL60","LL003FR10_6","UO",2013-04-17 23:15:00,2013-04-17 23:32:00,""
"21","LL004_FR10_DL60","LL004_FR10_1","Pc",2013-05-01 13:55:00,2013-05-01 14:47:00,""
"22","LL004_FR10_DL60","LL004_FR10_2","Pm",2013-05-04 17:38:00,2013-05-04 17:45:00,""
"23","LL004_FR10_DL60","LL004_FR10_3","X",2013-05-14 13:31:00,2013-05-14 14:02:00,""
"24","LL010_FR04_DLxx","LL010_FR04_1","Pc",2014-03-11 13:42:00,2014-03-11 14:05:00,"ROCCA predicted Pc 51%"
"25","LL010_FR04_DLxx","LL010_FR04_2","Pc",2014-03-11 22:40:00,2014-03-11 23:16:00,"ROCCA predicted Pc 88%"
"26","LL010_FR06_DLxx","LL010_FR06_1","Pc",2014-03-11 14:48:00,2014-03-11 15:17:00,"Updated from AES original as UO"
"27","LL010_FR06_DLxx","LL010_FR06_2","Pc",2014-03-11 20:20:00,2014-03-11 21:19:00,"Updated from AES original as UO"
"28","LL010_FR06_DLxx","LL010_FR06_3","X",2014-03-13 00:31:00,2014-03-13 00:49:00,""
"29","LL010_FR06_DLxx","LL010_FR06_4","UO",2014-03-13 19:22:00,2014-03-13 20:07:00,""
"30","LL010_FR06_DLxx","LL010_FR06_5","X",2014-03-18 13:11:00,2014-03-18 13:35:00,""
"31","LL010_FR06_DLxx","LL010_FR06_6","Kspp",2014-03-18 14:44:00,2014-03-18 14:47:00,""
"32","LL010_FR06_DLxx","LL010_FR06_7","UO",2014-03-22 18:11:00,2014-03-22 18:24:00,""
"33","LL010_FR06_DLxx","LL010_FR06_8","UO",2014-03-22 21:26:00,2014-03-22 21:48:00,""
"34","LL010_FR10_DLxx","LL010_FR10_1","X",2014-03-11 16:53:00,2014-03-11 18:09:00,"Looks like a mixed species group of Pc and ??"
"35","LL010_FR10_DLxx","LL010_FR10_2","Pm",2014-03-13 17:05:00,2014-03-13 18:17:00,""
"36","LL014_FR06_DL65","14_1","UO",2014-09-25 03:21:00,2014-09-25 03:46:00,""
"37","LL014_FR06_DL65","14_2","Pc",2014-09-25 13:22:00,2014-09-25 14:18:00,""
"38","LL017_FR03_DL65","LL017FR3_1_1","Pc",2015-01-17 17:15:00,2015-01-17 17:31:00,"Pc"
"39","LL017_FR03_DL65","LL017FR3_1_2","Pc",2015-01-17 17:52:00,2015-01-17 18:20:00,"Pc"
"40","LL017_FR03_DL65","LL017FR3_2","X",2015-01-17 22:06:00,2015-01-17 22:13:00,"whistles only"
"41","LL017_FR03_DL65","LL017FR3_3","X",2015-01-17 23:06:00,2015-01-17 23:11:00,"whistles only"
"42","LL019_FR07_DL63","19_1","X",2015-02-01 15:52:00,2015-02-01 15:58:00,"whistles only; doesn’t look like Pc"
"43","LL019_FR07_DL63","19_2","UO",2015-02-01 19:37:00,2015-02-01 20:05:00,"whistles and clicks; doesn’t look like Pc"
"44","LL019_FR07_DL63","19_3","BAD",2015-02-02 23:54:00,2015-02-03 00:44:00,"Bad event time"
"45","LL019_FR07_DL63","19_4","Pc",2015-02-03 10:24:00,2015-02-03 10:46:00,"ROCCA 91% Pc; Both analysts predic Pc whistles and clicks; Gm or Pc?"
"46","LL019_FR07_DL63","19_5","X",2015-02-07 04:29:00,2015-02-07 05:17:00,"ROCCA 89% Pc; Both analysts predic Pcwhistles and clicks"
"47","LL019_FR07_DL63","19_6","UO",2015-02-08 19:26:00,2015-02-08 19:42:00,"clicks only"
"48","LL019_FR07_DL63","19_7","Pm",2015-02-08 21:35:00,2015-02-08 23:19:00,"clicks only;"
"49","LL019_FR07_DL63","19_8","Pm",2015-02-09 03:33:00,2015-02-09 04:55:00,"clicks only"
"50","LL019_FR07_DL63","19_9","Pm",2015-02-11 11:01:00,2015-02-11 12:41:00,"clicks only"
"51","LL019_FR07_DL63","19_10","UO",2015-02-11 22:50:00,2015-02-11 23:11:00,"clicks only"
"52","LL019_FR07_DL63","19_11","Pm",2015-02-12 16:22:00,2015-02-12 18:23:00,"clicks only; sperm whales"
"53","LL027_FR07_DL63","27_1","X",2015-09-23 11:25:00,2015-09-23 12:17:00,"Looks like there are possible bands at 14 and 19 kHz"
"54","LL027_FR07_DL63","27_2","UO",2015-09-25 10:39:00,2015-09-25 10:48:00,"faint, but with whistles and clicks"
"55","LL027_FR07_DL63","27_3","Pm",2015-09-25 20:14:00,2015-09-25 22:43:00,""
"56","LL035_FR04_DL64","35_01","UO",2016-05-31 22:37:00,2016-05-31 22:57:00,"NA"
"57","LL035_FR04_DL64","35_02","UO",2016-06-01 01:00:00,2016-06-01 01:24:00,"NA"
"58","LL035_FR04_DL64","35_03","UO",2016-06-02 17:43:00,2016-06-02 18:18:00,"NA"
"59","LL035_FR04_DL64","35_04","UO",2016-06-02 22:33:00,2016-06-02 22:51:00,"NA"
"60","LL035_FR04_DL64","35_05","Pm",2016-06-05 02:26:00,2016-06-05 04:44:00,"NA"
"61","LL035_FR04_DL64","35_06","UO",2016-06-07 06:01:00,2016-06-07 06:10:00,"NA"
"62","LL037_FR04_DL64","37_1","UO",2016-10-03 00:45:00,2016-10-03 01:22:00,"NA"
"63","LL038_FR07_DL63","38_1","Pm",2017-03-09 18:58:00,2017-03-09 20:47:00,"NA"
"64","LL038_FR07_DL63","38_2","Nothing",2017-03-10 17:35:00,2017-03-10 17:47:00,"NA"
"65","LL038_FR07_DL63","38_3","Pm",2017-03-11 01:04:00,2017-03-11 03:40:00,"NA"
"66","LL038_FR07_DL63","38_4","UO",2017-03-13 18:04:00,2017-03-13 18:29:00,"NA"
"67","LL039_FR04_DL64","39_01","Pm",2017-03-13 19:20:00,2017-03-13 19:55:00,""
"68","LL039_FR04_DL64","39_02","Pm",2017-03-13 20:17:00,2017-03-13 21:36:00,""
"69","LL039_FR04_DL64","39_03","UO",2017-03-13 23:30:00,2017-03-14 00:14:00,""
"70","LL039_FR04_DL64","39_04","UO",2017-03-15 20:55:00,2017-03-15 21:19:00,""
"71","LL039_FR04_DL64","39_05","UO",2017-03-15 21:57:00,2017-03-15 22:00:00,""
"72","LL039_FR04_DL64","39_06","X",2017-03-15 22:43:00,2017-03-15 23:35:00,"possibly mixed?"
"73","LL039_FR04_DL64","39_07","UO",2017-03-16 08:46:00,2017-03-16 08:54:00,""
"74","LL039_FR04_DL64","39_08","UO",2017-03-16 23:01:00,2017-03-16 23:21:00,""
"75","LL039_FR04_DL64","39_09","Pc",2017-03-17 00:31:00,2017-03-17 01:41:00,""
"76","LL039_FR04_DL64","39_10","Kspp",2017-03-18 10:45:00,2017-03-18 10:49:00,""
"77","LL039_FR04_DL64","39_11","UO",2017-03-18 22:53:00,2017-03-18 23:22:00,""
"78","LL039_FR04_DL64","39_12","UO",2017-03-19 01:45:00,2017-03-19 01:57:00,""
"79","LL039_FR04_DL64","39_13","UO",2017-03-19 15:09:00,2017-03-19 15:17:00,""
"80","LL039_FR04_DL64","39_14","UO",2017-03-20 20:06:00,2017-03-20 20:32:00,""
"81","LL039_FR04_DL64","39_15","X",2017-03-22 03:12:00,2017-03-22 04:57:00,""
"82","LL041_FR04_DL64","41_1","X",2017-05-12 07:34:00,2017-05-12 08:05:00,""
"83","LL041_FR04_DL64","41_2","X",2017-05-12 18:01:00,2017-05-12 18:16:00,""
"84","LL041_FR04_DL64","41_3","Pc",2017-05-12 18:51:00,2017-05-12 21:06:00,""
"85","LL041_FR04_DL64","41_4","X",2017-05-13 02:05:00,2017-05-13 03:06:00,"Pc at beginning, but mixed species toward end? "
"86","LL041_FR04_DL64","41_5","UO",2017-05-16 06:22:00,2017-05-16 06:42:00,""
"87","LL041_FR04_DL64","41_6","UO",2017-05-16 22:15:00,2017-05-16 22:33:00,""
"88","LL041_FR04_DL64","41_7","UO",2017-05-17 00:16:00,2017-05-17 00:32:00,""
"89","LL041_FR04_DL64","41_8","UO",2017-05-17 03:31:00,2017-05-17 03:37:00,""
"90","LL041_FR04_DL64","41_9","UO",2017-05-18 01:47:00,2017-05-18 03:14:00,""
"91","LL041_FR04_DL64","41_10","UO",2017-05-18 04:10:00,2017-05-18 04:26:00,"wasn't added in first round of processing. Not sure why not"
"92","LL041_FR04_DL64","41_11","Pc",2017-05-18 06:16:00,2017-05-18 06:49:00,""
"93","LL041_FR04_DL64","41_12","UO",2017-05-18 22:38:00,2017-05-18 23:21:00,""
"94","LL042_FR04_DL64","42_1","Kspp",2017-09-23 17:07:00,2017-09-23 17:08:00,"NA"
"95","LL042_FR04_DL64","42_2","UO",2017-09-24 18:36:00,2017-09-24 19:15:00,"NA"
"96","LL042_FR04_DL64","42_3","UO",2017-09-24 22:54:00,2017-09-24 23:27:00,"NA"
"97","LL042_FR04_DL64","42_4","Kspp",2017-09-29 09:50:00,2017-09-29 09:52:00,"NA"
"98","LL042_FR04_DL64","42_5","X",2017-10-01 00:47:00,2017-10-01 00:50:00,"NA"
"99","LL042_FR04_DL64","42_6","UO",2017-10-01 20:18:00,2017-10-01 20:20:00,"NA"
"100","LL042_FR04_DL64","42_7","X",2017-10-02 02:10:00,2017-10-02 02:14:00,"NA"
"101","LL043_FR04_DL64","43_1","X",2017-11-27 20:45:00,2017-11-27 21:11:00,"NA"
"102","LL043_FR04_DL64","43_2","Pc",2017-12-01 01:15:00,2017-12-01 01:47:00,"NA"
"103","LL043_FR04_DL64","43_3","Gg",2017-12-01 23:29:00,2017-12-01 23:55:00,"NA"
"104","LL043_FR04_DL64","43_4","Kspp",2017-12-04 09:59:00,2017-12-04 10:06:00,"NA"
"105","LL043_FR04_DL64","43_5","UO",2017-12-04 17:38:00,2017-12-04 17:48:00,"NA"
"106","LL043_FR04_DL64","43_6","UO",2017-12-05 02:57:00,2017-12-05 03:01:00,"NA"
"107","LL044_FR04_DL64","44_1_1","Pc",2018-01-29 08:04:00,2018-01-29 09:03:00,""
"108","LL044_FR04_DL64","44_1_2","Pc",2018-01-29 09:35:00,2018-01-29 09:44:00,""
"109","LL044_FR04_DL64","44_1_3","Pc",2018-01-29 10:33:00,2018-01-29 10:52:00,""
"110","LL044_FR04_DL64","44_1_4","Pc",2018-01-29 11:33:00,2018-01-29 11:41:00,"only a few whistles"
"111","LL044_FR04_DL64","44_2","Gg",2018-02-01 02:33:00,2018-02-01 02:44:00,""
"112","LL044_FR04_DL64","44_3","UO",2018-02-01 06:54:00,2018-02-01 07:01:00,""
"113","LL044_FR04_DL64","44_4","Pm",2018-02-01 16:16:00,2018-02-01 17:29:00,""
"114","LL044_FR04_DL64","44_5","UO",2018-02-02 00:33:00,2018-02-02 00:46:00,""
"115","LL044_FR04_DL64","44_6","UO",2018-02-02 04:13:00,2018-02-02 04:24:00,""
"116","LL044_FR04_DL64","44_7","Pc",2018-02-04 15:22:00,2018-02-04 17:14:00,""
"117","LL044_FR04_DL64","44_8","Pc",2018-02-04 23:08:00,2018-02-04 23:18:00,""
"118","LL044_FR04_DL64","44_9","UO",2018-02-04 23:42:00,2018-02-04 23:46:00,""
"119","LL044_FR04_DL64","44_10","Pm",2018-02-05 09:48:00,2018-02-05 12:47:00,""
"120","LL044_FR04_DL64","44_11","Pm",2018-02-06 13:23:00,2018-02-07 01:25:00,""
"121","LL045_FR03_DL73","45_1","UO",2018-02-15 21:17:00,2018-02-15 21:33:00,"NA"
"122","LL045_FR03_DL73","45_2","UO",2018-02-15 23:32:00,2018-02-15 23:59:00,"NA"
"123","LL045_FR03_DL73","45_3","UO",2018-02-16 00:45:00,2018-02-16 01:10:00,"NA"
"124","LL045_FR03_DL73","45_4","UO",2018-02-17 20:23:00,2018-02-17 20:58:00,"NA"
"125","LL045_FR03_DL73","45_5","UO",2018-02-18 00:57:00,2018-02-18 01:32:00,"NA"
"126","LL045_FR03_DL73","45_6","UO",2018-02-18 21:36:00,2018-02-18 21:56:00,"NA"
"127","LL045_FR03_DL73","45_7","UO",2018-02-19 00:07:00,2018-02-19 01:12:00,"NA"
"128","LL045_FR03_DL73","45_8","UO",2018-02-19 03:04:00,2018-02-19 04:29:00,"NA"
"129","LL045_FR03_DL73","45_9","UO",2018-02-19 05:20:00,2018-02-19 05:25:00,"NA"
"130","LL045_FR03_DL73","45_10","UO",2018-02-19 05:44:00,2018-02-19 05:47:00,"NA"
"131","LL045_FR03_DL73","45_11","Kspp",2018-02-20 03:29:00,2018-02-20 03:35:00,"NA"
"132","LL045_FR03_DL73","45_12","UO",2018-02-20 05:08:00,2018-02-20 05:51:00,"NA"
"133","LL045_FR03_DL73","45_13","Kspp",2018-02-21 14:32:00,2018-02-21 14:35:00,"NA"
"134","LL045_FR03_DL73","45_14","UO",2018-02-21 21:06:00,2018-02-21 21:10:00,"NA"
"135","LL045_FR03_DL73","45_15","UO",2018-02-22 01:46:00,2018-02-22 01:58:00,"NA"
"136","LL047_FR04_DL64","47_1","UO",2018-04-23 20:52:00,2018-04-23 21:42:00,"NA"
"137","LL047_FR04_DL64","47_2","UO",2018-04-24 20:18:00,2018-04-24 21:13:00,"NA"
"138","LL047_FR04_DL64","47_3","UO",2018-04-24 21:26:00,2018-04-24 21:40:00,"NA"
"139","LL047_FR04_DL64","47_4","UO",2018-04-26 20:55:00,2018-04-26 21:19:00,"NA"
"140","LL047_FR04_DL64","47_5","UO",2018-04-26 23:05:00,2018-04-26 23:15:00,"NA"
"141","LL047_FR04_DL64","47_6","UO",2018-04-27 03:30:00,2018-04-27 03:45:00,"NA"
"142","LL047_FR04_DL64","47_7","Pc",2018-04-27 14:57:00,2018-04-27 15:22:00,"NA"
"143","LL047_FR04_DL64","47_9","UO",2018-04-28 19:54:00,2018-04-28 20:22:00,"NA"
"144","LL047_FR04_DL64","47_10","UO",2018-05-01 18:43:00,2018-05-01 18:48:00,"NA"
"145","LL047_FR04_DL64","47_11","UO",2018-05-01 19:37:00,2018-05-01 19:39:00,"NA"
"146","LL047_FR04_DL64","47_12","UO",2018-05-02 03:21:00,2018-05-02 03:58:00,"NA"
"147","LL047_FR04_DL64","47_13","Pc",2018-05-02 16:22:00,2018-05-02 17:34:00,"NA"
"148","LL047_FR04_DL64","47_14","Pc",2018-05-02 21:39:00,2018-05-02 22:52:00,"NA"
"149","LL050_FR05_DL59","50_1","UO",2018-08-14 19:44:00,2018-08-14 19:50:00,"NA"
"150","LL050_FR05_DL59","50_2","UO",2018-08-15 19:37:00,2018-08-15 19:52:00,"NA"
"151","LL050_FR05_DL59","50_3","UO",2018-08-18 03:14:00,2018-08-18 03:41:00,"NA"
"152","LL050_FR05_DL59","50_4","UO",2018-08-19 20:22:00,2018-08-19 20:47:00,"NA"
"153","LL051_FR08_DL88","51_1","UO",2018-12-05 10:24:00,2018-12-05 10:28:00,"NA"
"154","LL051_FR08_DL88","51_2","UO",2018-12-08 04:11:00,2018-12-08 04:45:00,"NA"
"155","LL051_FR08_DL88","51_3","Pm",2018-12-08 09:15:00,2018-12-08 11:08:00,"NA"
"156","LL051_FR08_DL88","51_4","UO",2018-12-13 03:23:00,2018-12-13 03:35:00,"NA"
"157","LL051_FR08_DL88","51_5","UO",2018-12-13 05:24:00,2018-12-13 06:14:00,"NA"
"158","LL051_FR08_DL88","51_6","UO",2018-12-13 07:06:00,2018-12-13 07:36:00,"NA"
"159","LL051_FR08_DL88","51_7","UO",2018-12-13 11:02:00,2018-12-13 11:22:00,"NA"
"160","LL052_FR08_DL88","52_1","Pm",2019-02-13 09:46:00,2019-02-13 09:49:00,"NA"
"161","LL052_FR08_DL88","52_2","HF UO",2019-02-13 22:37:00,2019-02-13 22:52:00,"NA"
"162","LL052_FR08_DL88","52_3","HF UO",2019-02-13 23:24:00,2019-02-13 23:47:00,"NA"
"163","LL052_FR08_DL88","52_4","HF UO",2019-02-14 19:03:00,2019-02-14 19:26:00,"NA"
"164","LL052_FR08_DL88","52_5","Kspp",2019-02-14 19:30:00,2019-02-14 19:34:00,"NA"
"165","LL052_FR08_DL88","52_6","HF UO",2019-02-14 20:41:00,2019-02-14 20:50:00,"NA"
"166","LL052_FR08_DL88","52_7","HF UO",2019-02-14 21:15:00,2019-02-14 22:14:00,"NA"
"167","LL052_FR08_DL88","52_8","Pm",2019-02-16 12:22:00,2019-02-16 12:24:00,"NA"
"168","LL052_FR08_DL88","52_9","UO",2019-02-16 18:44:00,2019-02-16 19:09:00,"NA"
"169","LL052_FR08_DL88","52_10","Gg",2019-02-18 19:49:00,2019-02-18 20:23:00,"NA"
"170","LL053_FR07_DL59","53_1","Pc",2019-04-28 03:38:00,2019-04-28 06:07:00,"NA"
"171","LL053_FR07_DL59","53_2","UO",2019-04-28 12:58:00,2019-04-28 13:08:00,"NA"
"172","LL053_FR07_DL59","53_3","UO",2019-04-28 14:29:00,2019-04-28 14:31:00,"NA"
"173","LL053_FR07_DL59","53_4","UO",2019-04-29 07:24:00,2019-04-29 08:05:00,"NA"
"174","LL053_FR07_DL59","53_5","UO",2019-05-01 03:52:00,2019-05-01 03:57:00,"NA"
"175","LL053_FR07_DL59","53_6","UO",2019-05-01 12:50:00,2019-05-01 13:22:00,"NA"
"176","LL053_FR07_DL59","53_7","UO",2019-05-02 15:53:00,2019-05-02 15:58:00,"NA"
"177","LL053_FR07_DL59","53_8","UO",2019-05-03 03:44:00,2019-05-03 03:57:00,"NA"
"178","LL053_FR07_DL59","53_9","UO",2019-05-03 12:36:00,2019-05-03 13:48:00,"NA"
"179","LL053_FR07_DL59","53_10","UO",2019-05-03 15:38:00,2019-05-03 15:40:00,"NA"
"180","LL053_FR07_DL59","53_11","UO",2019-05-05 14:21:00,2019-05-05 14:59:00,"NA"
"181","LL054_FR08_DL88","54_1","UO",2019-05-21 07:00:00,2019-05-21 07:45:00,"NA"
"182","LL054_FR08_DL88","54_2","UO",2019-05-21 13:16:00,2019-05-21 13:52:00,"NA"
"183","LL054_FR08_DL88","54_3","UO",2019-05-23 12:04:00,2019-05-23 12:42:00,"NA"
"184","LL054_FR08_DL88","54_4","UO",2019-05-26 17:32:00,2019-05-26 17:43:00,"NA"
"185","LL054_FR08_DL88","54_5","Gg",2019-05-27 07:55:00,2019-05-27 08:29:00,"NA"
"186","LL055_FR08_DL88","55_1","Kspp",2019-07-03 13:06:00,2019-07-03 13:11:00,"NA"
"187","LL055_FR08_DL88","55_2","UO",2019-07-04 15:24:00,2019-07-04 15:56:00,"NA"
"188","LL055_FR08_DL88","55_3","UO",2019-07-05 11:06:00,2019-07-05 12:18:00,"NA"
"189","LL055_FR08_DL88","55_4","Kspp",2019-07-05 17:01:00,2019-07-05 17:06:00,"NA"
"190","LL055_FR08_DL88","55_5","UO",2019-07-06 12:43:00,2019-07-06 13:52:00,"NA"
"191","LL055_FR08_DL88","55_6","UO",2019-07-07 07:18:00,2019-07-07 07:50:00,"NA"
"192","LL056_FR08_DL88","56_1","UO",2019-08-03 19:24:00,2019-08-03 19:27:00,"NA"
"193","LL056_FR08_DL88","56_2","UO",2019-08-05 13:48:00,2019-08-05 14:30:00,"NA"
"194","LL056_FR08_DL88","56_3","Kspp",2019-08-07 01:13:00,2019-08-07 01:17:00,"NA"
"195","LL056_FR08_DL88","56_4","UO",2019-08-12 03:10:00,2019-08-12 03:15:00,"NA"
"196","LL056_FR08_DL88","56_5","Pc",2019-08-16 05:40:00,2019-08-16 09:12:00,"NA"
"197","LL056_FR08_DL88","56_6","Pc",2019-08-16 12:34:00,2019-08-16 13:46:00,"NA"
"198","LL057_FRxx_DL59","57_1","UO",2019-09-17 16:05:00,2019-09-17 16:16:00,"NA"
"199","LL057_FRxx_DL59","57_2","UO",2019-09-19 09:36:00,2019-09-19 10:00:00,"NA"
"200","LL057_FRxx_DL59","57_3","UO",2019-09-19 13:53:00,2019-09-19 15:30:00,"NA"
"201","LL057_FRxx_DL59","57_4","UO",2019-09-19 16:08:00,2019-09-19 16:14:00,"NA"
"202","LL057_FRxx_DL59","57_5","UO",2019-09-19 16:45:00,2019-09-19 16:57:00,"NA"
"203","LL057_FRxx_DL59","57_6","UO",2019-09-20 12:03:00,2019-09-20 12:18:00,"NA"
"204","LL057_FRxx_DL59","57_7","UO",2019-09-21 10:30:00,2019-09-21 11:11:00,"NA"
"205","LL057_FRxx_DL59","57_8","UO",2019-09-21 13:19:00,2019-09-21 13:31:00,"NA"
"206","LL057_FRxx_DL59","57_9","UO",2019-09-23 06:38:00,2019-09-23 06:57:00,"NA"
"207","LL057_FRxx_DL59","57_10","UO",2019-09-28 00:44:00,2019-09-28 01:09:00,"NA"
"208","LL057_FRxx_DL59","57_11","UO",2019-09-28 01:06:00,2019-09-28 01:09:00,"NA"
"209","LL058_FR06_DL64","58_1","X",2019-11-23 21:56:00,2019-11-23 22:26:00,"likely Pc, but look slike it could be mixed toward the end"
"210","LL058_FR06_DL64","58_2","UO",2019-11-23 22:29:00,2019-11-23 22:56:00,""
"211","LL058_FR06_DL64","58_3","UO",2019-11-24 06:26:00,2019-11-24 07:27:00,""
"212","LL058_FR06_DL64","58_4","UO",2019-11-26 06:44:00,2019-11-26 06:54:00,""
"213","LL058_FR06_DL64","58_5","UO",2019-11-26 12:26:00,2019-11-26 13:06:00,""
"214","LL058_FR06_DL64","58_6","UO",2019-11-26 20:47:00,2019-11-26 21:07:00,""
"215","LL058_FR06_DL64","58_7","UO",2019-11-27 12:13:00,2019-11-27 12:41:00,""
"216","LL058_FR06_DL64","58_8","UO",2019-11-28 08:10:00,2019-11-28 08:37:00,""
"217","LL058_FR06_DL64","58_9","UO",2019-12-01 08:23:00,2019-12-01 08:27:00,""
"218","LL058_FR06_DL64","58_10","UO",2019-12-03 13:21:00,2019-12-03 13:59:00,""
"219","LL059_FR38_DL65","59_1","UO",2020-10-16 09:21:00,2020-10-16 09:59:00,"NA"
"220","LL059_FR38_DL65","59_2","UO",2020-10-18 03:38:00,2020-10-18 05:03:00,"NA"
"221","LL059_FR38_DL65","59_3","UO",2020-10-19 01:39:00,2020-10-19 01:41:00,"NA"
"222","LL059_FR38_DL65","59_4","UBW",2020-10-20 07:19:00,2020-10-20 07:21:00,"NA"
"223","LL059_FR38_DL65","59_5","UO",2020-10-21 04:23:00,2020-10-21 05:02:00,"NA"
"224","LL059_FR38_DL65","59_6","UO",2020-10-21 06:26:00,2020-10-21 06:27:00,"NA"
"225","LL059_FR38_DL65","59_7","UO",2020-10-21 07:55:00,2020-10-21 08:30:00,"NA"
"226","LL059_FR38_DL65","59_8","UO",2020-10-23 08:23:00,2020-10-23 09:14:00,"NA"
"227","LL060_FR38_DL65","LL060_FR38_DL65_01","UO",2021-06-02 23:04:00,2021-06-02 23:15:00,""
"228","LL060_FR38_DL65","LL060_FR38_DL65_02","UO",2021-06-03 00:08:00,2021-06-03 00:12:00,""
"229","LL060_FR38_DL65","LL060_FR38_DL65_03","UO",2021-06-04 04:42:00,2021-06-04 05:10:00,""
"230","LL060_FR38_DL65","LL060_FR38_DL65_04","UO",2021-06-04 05:50:00,2021-06-04 06:24:00,""
"231","LL060_FR38_DL65","LL060_FR38_DL65_05","UO",2021-06-04 07:00:00,2021-06-04 07:59:00,""
"232","LL060_FR38_DL65","LL060_FR38_DL65_06","UO",2021-06-05 04:06:00,2021-06-05 04:37:00,""
"233","LL060_FR38_DL65","LL060_FR38_DL65_07","UO",2021-06-05 07:23:00,2021-06-05 08:17:00,""
"234","LL060_FR38_DL65","LL060_FR38_DL65_08","UO",2021-06-05 10:21:00,2021-06-05 10:32:00,""
"235","LL060_FR38_DL65","LL060_FR38_DL65_09","UO",2021-06-05 12:35:00,2021-06-05 13:08:00,""
"236","LL060_FR38_DL65","LL060_FR38_DL65_10","UO",2021-06-05 14:03:00,2021-06-05 14:17:00,""
"237","LL060_FR38_DL65","LL060_FR38_DL65_11","UO",2021-06-07 06:31:00,2021-06-07 06:48:00,"BW, likely Md"
"238","LL060_FR38_DL65","LL060_FR38_DL65_12","UO",2021-06-07 09:27:00,2021-06-07 10:25:00,"also sperm whales mixed in"
"239","LL060_FR38_DL65","LL060_FR38_DL65_13","UO",2021-06-08 09:27:00,2021-06-08 09:42:00,""
"240","LL060_FR38_DL65","LL060_FR38_DL65_14","UO",2021-06-08 11:47:00,2021-06-08 12:04:00,"BW"
"241","LL060_FR45_DL84","LL060_FR45_DL84_1","UO",2021-06-03 04:04:00,2021-06-03 04:56:00,"sperm whales also mixed in"
"242","LL060_FR45_DL84","LL060_FR45_DL84_2","UO",2021-06-03 05:16:00,2021-06-03 06:05:00,""
"243","LL060_FR45_DL84","LL060_FR45_DL84_3","UO",2021-06-03 09:19:00,2021-06-03 09:56:00,""
"244","LL060_FR45_DL84","LL060_FR45_DL84_4","UO",2021-06-03 22:26:00,2021-06-03 22:50:00,""
"245","LL060_FR45_DL84","LL060_FR45_DL84_5","UO",2021-06-04 07:16:00,2021-06-04 07:57:00,""
"246","LL060_FR45_DL84","LL060_FR45_DL84_6","UO",2021-06-05 09:16:00,2021-06-05 09:27:00,""
"247","LL060_FR45_DL84","LL060_FR45_DL84_7","UO",2021-06-06 21:18:00,2021-06-06 21:20:00,""
"248","LL060_FR45_DL84","LL060_FR45_DL84_8","UO",2021-06-07 02:47:00,2021-06-07 02:49:00,"BW"
"249","LL060_FR45_DL84","LL060_FR45_DL84_9","UO",2021-06-07 21:16:00,2021-06-07 21:31:00,"banding in clicks"
"250","LL060_FR52_DL59","LL060_FR52_DL59_1","UO",2021-06-04 07:09:00,2021-06-04 07:36:00,""
"251","LL060_FR52_DL59","LL060_FR52_DL59_2","UO",2021-06-07 06:45:00,2021-06-07 07:08:00,""
"252","LL060_FR52_DL59","LL060_FR52_DL59_3","UO",2021-06-08 06:41:00,2021-06-08 07:01:00,"banding in clicks"
"253","LL060_FR64_DL88","LL060_FR64_DL88_1","UO",2021-06-03 04:39:00,2021-06-03 04:56:00,""
"254","LL060_FR64_DL88","LL060_FR64_DL88_2","UO",2021-06-04 05:14:00,2021-06-04 05:44:00,""
"255","LL060_FR64_DL88","LL060_FR64_DL88_3","UO",2021-06-07 05:55:00,2021-06-07 05:56:00,""
"256","LL060_FR64_DL88","LL060_FR64_DL88_4","UO",2021-06-08 05:29:00,2021-06-08 05:36:00,""
"257","LL060_FR64_DL88","LL060_FR64_DL88_5","UO",2021-06-08 06:06:00,2021-06-08 06:12:00,""
"258","LL061_FR38_DL65","LL061_FR38_DL65_1","UO",2021-08-25 04:37:00,2021-08-25 04:47:00,""
"259","LL061_FR38_DL65","LL061_FR38_DL65_2","UO",2021-08-25 05:14:00,2021-08-25 05:50:00,""
"260","LL061_FR38_DL65","LL061_FR38_DL65_3","UO",2021-08-25 06:07:00,2021-08-25 06:21:00,""
"261","LL061_FR38_DL65","LL061_FR38_DL65_4","UO",2021-08-25 07:58:00,2021-08-25 08:26:00,""
"262","LL061_FR38_DL65","LL061_FR38_DL65_5","UO",2021-08-25 10:38:00,2021-08-25 10:39:00,""
"263","LL061_FR38_DL65","LL061_FR38_DL65_6","UO",2021-08-25 11:54:00,2021-08-25 12:28:00,""
"264","LL061_FR38_DL65","LL061_FR38_DL65_7","UO",2021-08-25 12:46:00,2021-08-25 13:35:00,""
"265","LL061_FR38_DL65","LL061_FR38_DL65_8","UO",2021-08-28 06:14:00,2021-08-28 07:24:00,""
"266","LL061_FR38_DL65","LL061_FR38_DL65_9","UO",2021-08-28 13:39:00,2021-08-28 13:41:00,""
"267","LL061_FR38_DL65","LL061_FR38_DL65_10","UO",2021-08-28 13:52:00,2021-08-28 14:01:00,""
"268","LL061_FR38_DL65","LL061_FR38_DL65_11","UO",2021-08-30 09:45:00,2021-08-30 11:13:00,""
"269","LL061_FR38_DL65","LL061_FR38_DL65_12","UO",2021-09-01 04:32:00,2021-09-01 04:33:00,""
"270","LL061_FR38_DL65","LL061_FR38_DL65_13","UO",2021-09-01 04:53:00,2021-09-01 04:57:00,""
"271","LL061_FR38_DL65","LL061_FR38_DL65_14","UO",2021-09-02 00:31:00,2021-09-02 00:56:00,""
"272","LL061_FR38_DL65","LL061_FR38_DL65_15","UO",2021-09-02 07:05:00,2021-09-02 07:06:00,""
"273","LL061_FR38_DL65","LL061_FR38_DL65_16","UO",2021-09-02 12:12:00,2021-09-02 12:55:00,""
"274","LL061_FR45_DL84","LL061_FR45_DL84_1","UO",2021-08-25 00:59:00,2021-08-25 01:47:00,""
"275","LL061_FR45_DL84","LL061_FR45_DL84_2","UO",2021-08-25 07:29:00,2021-08-25 07:59:00,""
"276","LL061_FR45_DL84","LL061_FR45_DL84_3","UO",2021-08-25 09:07:00,2021-08-25 09:48:00,""
"277","LL061_FR45_DL84","LL061_FR45_DL84_4","UO",2021-08-27 04:16:00,2021-08-27 04:29:00,""
"278","LL061_FR45_DL84","LL061_FR45_DL84_5","UO",2021-08-28 11:18:00,2021-08-28 11:32:00,""
"279","LL061_FR45_DL84","LL061_FR45_DL84_6","UO",2021-08-28 13:01:00,2021-08-28 13:35:00,""
"280","LL061_FR45_DL84","LL061_FR45_DL84_7","UO",2021-08-30 00:20:00,2021-08-30 00:28:00,""
"281","LL061_FR45_DL84","LL061_FR45_DL84_8","UO",2021-08-30 06:27:00,2021-08-30 08:30:00,"banding in clicks"
"282","LL061_FR45_DL84","LL061_FR45_DL84_9","UO",2021-08-30 12:18:00,2021-08-30 13:44:00,""
"283","LL061_FR45_DL84","LL061_FR45_DL84_10","UO",2021-08-30 15:12:00,2021-08-30 16:04:00,""
"284","LL061_FR45_DL84","LL061_FR45_DL84_11","UO",2021-09-01 06:18:00,2021-09-01 07:01:00,""
"285","LL061_FR45_DL84","LL061_FR45_DL84_12","UO",2021-09-02 06:16:00,2021-09-02 06:20:00,""
"286","LL061_FR45_DL84","LL061_FR45_DL84_13","UO",2021-09-02 15:10:00,2021-09-02 15:29:00,""
"287","LL061_FR52_DL59","LL061_FR52_DL59_1","UO",2021-08-25 06:34:00,2021-08-25 09:27:00,""
"288","LL061_FR52_DL59","LL061_FR52_DL59_2","UO",2021-08-25 10:03:00,2021-08-25 10:07:00,""
"289","LL061_FR52_DL59","LL061_FR52_DL59_3","UO",2021-08-27 07:46:00,2021-08-27 09:08:00,""
"290","LL061_FR52_DL59","LL061_FR52_DL59_4","UO",2021-08-27 09:34:00,2021-08-27 10:39:00,""
"291","LL061_FR52_DL59","LL061_FR52_DL59_5","UO",2021-08-28 06:09:00,2021-08-28 06:10:00,""
"292","LL061_FR52_DL59","LL061_FR52_DL59_6","UO",2021-08-29 14:21:00,2021-08-29 14:26:00,""
"293","LL061_FR52_DL59","LL061_FR52_DL59_7","UO",2021-09-01 02:44:00,2021-09-01 03:45:00,""
"294","LL061_FR52_DL59","LL061_FR52_DL59_8","UO",2021-09-01 03:56:00,2021-09-01 03:58:00,""
"295","LL061_FR52_DL59","LL061_FR52_DL59_9","UO",2021-09-01 03:58:00,2021-09-01 06:38:00,""
"296","LL061_FR52_DL59","LL061_FR52_DL59_10","UO",2021-09-01 06:45:00,2021-09-01 09:16:00,""
"297","LL061_FR52_DL59","LL061_FR52_DL59_11","UO",2021-09-01 09:38:00,2021-09-01 09:54:00,""
"298","LL061_FR64_DL88","LL061_FR64_DL88_1","UO",2021-08-27 00:37:00,2021-08-27 00:38:00,""
"299","LL061_FR64_DL88","LL061_FR64_DL88_2","UO",2021-08-27 10:12:00,2021-08-27 10:32:00,""
"300","LL061_FR64_DL88","LL061_FR64_DL88_3","UO",2021-08-27 10:43:00,2021-08-27 10:51:00,""
"301","LL061_FR64_DL88","LL061_FR64_DL88_4","UO",2021-08-28 02:41:00,2021-08-28 02:51:00,""
"302","LL061_FR64_DL88","LL061_FR64_DL88_5","UO",2021-08-28 05:37:00,2021-08-28 06:58:00,"banding in clicks"
"303","LL061_FR64_DL88","LL061_FR64_DL88_6","UO",2021-08-28 07:24:00,2021-08-28 09:20:00,""
"304","LL061_FR64_DL88","LL061_FR64_DL88_7","UO",2021-09-01 01:41:00,2021-09-01 02:07:00,""
"305","LL061_FR64_DL88","LL061_FR64_DL88_8","UO",2021-09-01 02:46:00,2021-09-01 02:52:00,""
"306","LL061_FR64_DL88","LL061_FR64_DL88_9","UO",2021-09-02 07:24:00,2021-09-02 09:25:00,""
"307","LL062_FR04_DL88","LL062_FR04_DL88_1","UO",2022-02-14 07:06:00,2022-02-14 07:22:00,""
"308","LL062_FR04_DL88","LL062_FR04_DL88_2","UO",2022-02-15 23:47:00,2022-02-16 00:54:00,""
"309","LL062_FR04_DL88","LL062_FR04_DL88_3","UO",2022-02-16 04:33:00,2022-02-16 04:36:00,""
"310","LL062_FR04_DL88","LL062_FR04_DL88_4","UO",2022-02-16 06:00:00,2022-02-16 06:15:00,""
"311","LL062_FR04_DL88","LL062_FR04_DL88_5","UO",2022-02-17 09:46:00,2022-02-17 10:35:00,""
"312","LL062_FR04_DL88","LL062_FR04_DL88_6","UO",2022-02-17 12:49:00,2022-02-17 13:37:00,""
"313","LL062_FR04_DL88","LL062_FR04_DL88_7","UO",2022-02-19 06:10:00,2022-02-19 06:57:00,""
"314","LL062_FR04_DL88","LL062_FR04_DL88_8","UO",2022-02-19 12:44:00,2022-02-19 14:04:00,""
"315","LL062_FR04_DL88","LL062_FR04_DL88_9","UO",2022-02-20 05:47:00,2022-02-20 05:56:00,""
"316","LL062_FR04_DL88","LL062_FR04_DL88_10","UO",2022-02-20 06:04:00,2022-02-20 06:56:00,""
"317","LL062_FR04_DL88","LL062_FR04_DL88_11","UO",2022-02-20 16:13:00,2022-02-20 16:14:00,""
"318","LL062_FR04_DL88","LL062_FR04_DL88_12","UO",2022-02-21 10:38:00,2022-02-21 10:44:00,""
"319","LL062_FR04_DL88","LL062_FR04_DL88_13","UO",2022-02-21 11:00:00,2022-02-21 11:01:00,""
"320","LL062_FR04_DL88","LL062_FR04_DL88_14","UO",2022-02-21 13:19:00,2022-02-21 14:02:00,""
"321","LL062_FR45_DL84","LL062_FR45_DL84_1","UO",2022-02-17 05:04:00,2022-02-17 05:21:00,""
"322","LL062_FR52_DL59","LL062_FR52_DL59_1","UO",2022-02-14 06:41:00,2022-02-14 07:54:00,"banding in clicks (Gg?)"
"323","LL062_FR52_DL59","LL062_FR52_DL59_2","UO",2022-02-14 08:05:00,2022-02-14 08:13:00,""
"324","LL062_FR52_DL59","LL062_FR52_DL59_3","UO",2022-02-15 21:25:00,2022-02-15 21:37:00,""
"325","LL062_FR52_DL59","LL062_FR52_DL59_4","UO",2022-02-15 22:42:00,2022-02-15 23:05:00,"BW (likely Md)"
"326","LL062_FR52_DL59","LL062_FR52_DL59_5","UO",2022-02-16 02:00:00,2022-02-16 02:29:00,""
"327","LL062_FR52_DL59","LL062_FR52_DL59_6","UO",2022-02-16 07:32:00,2022-02-16 08:01:00,"BW (likely Zc)"
"328","LL062_FR52_DL59","LL062_FR52_DL59_7","UO",2022-02-17 07:02:00,2022-02-17 08:24:00,""
"329","LL062_FR52_DL59","LL062_FR52_DL59_8","UO",2022-02-19 00:13:00,2022-02-19 00:34:00,""
"330","LL062_FR52_DL59","LL062_FR52_DL59_9","UO",2022-02-19 01:08:00,2022-02-19 01:32:00,""
"331","LL062_FR52_DL59","LL062_FR52_DL59_10","UO",2022-02-20 02:11:00,2022-02-20 02:38:00,""
"332","LL062_FR52_DL59","LL062_FR52_DL59_11","UO",2022-02-20 11:19:00,2022-02-20 11:55:00,""
"333","LL062_FR52_DL59","LL062_FR52_DL59_12","UO",2022-02-24 06:51:00,2022-02-24 07:20:00,""
"334","LL062_FR52_DL59","LL062_FR52_DL59_13","UO",2022-02-24 07:33:00,2022-02-24 07:35:00,""
"335","LL063_FR05_DL96","LL063_FR05_DL96_1","UO",2022-05-18 01:43:00,2022-05-18 03:23:00,""
"336","LL063_FR05_DL96","LL063_FR05_DL96_2","UO",2022-05-18 05:22:00,2022-05-18 05:51:00,""
"337","LL063_FR05_DL96","LL063_FR05_DL96_3","UO",2022-05-21 07:36:00,2022-05-21 08:10:00,""
"338","LL063_FR05_DL96","LL063_FR05_DL96_4","UO",2022-05-22 04:14:00,2022-05-22 04:24:00,""
"339","LL063_FR05_DL96","LL063_FR05_DL96_5","UO",2022-05-22 08:30:00,2022-05-22 09:35:00,""
"340","LL063_FR05_DL96","LL063_FR05_DL96_6","UO",2022-05-22 14:56:00,2022-05-22 15:23:00,""
"341","LL063_FR05_DL96","LL063_FR05_DL96_7","UO",2022-05-23 05:24:00,2022-05-23 08:02:00,""
"342","LL063_FR05_DL96","LL063_FR05_DL96_8","UO",2022-05-23 08:52:00,2022-05-23 09:00:00,""
"343","LL063_FR05_DL96","LL063_FR05_DL96_9","UO",2022-05-23 12:34:00,2022-05-23 13:09:00,""
"344","LL063_FR05_DL96","LL063_FR05_DL96_10","UO",2022-05-24 17:20:00,2022-05-24 17:31:00,""
"345","LL063_FR51_DL64","LL063_FR51_DL64_1","UO",2022-05-17 05:10:00,2022-05-17 05:36:00,"banding in clicks"
"346","LL063_FR51_DL64","LL063_FR51_DL64_2","UO",2022-05-17 08:06:00,2022-05-17 09:01:00,""
"347","LL063_FR51_DL64","LL063_FR51_DL64_3","UO",2022-05-17 13:43:00,2022-05-17 14:26:00,""
"348","LL063_FR51_DL64","LL063_FR51_DL64_4","UO",2022-05-18 01:20:00,2022-05-18 02:39:00,""
"349","LL063_FR51_DL64","LL063_FR51_DL64_5","UO",2022-05-18 06:05:00,2022-05-18 06:45:00,""
"350","LL063_FR51_DL64","LL063_FR51_DL64_6","UO",2022-05-18 07:48:00,2022-05-18 09:38:00,""
"351","LL063_FR51_DL64","LL063_FR51_DL64_7","UO",2022-05-18 11:01:00,2022-05-18 12:04:00,""
"352","LL063_FR51_DL64","LL063_FR51_DL64_8","UO",2022-05-18 12:09:00,2022-05-18 12:20:00,""
"353","LL063_FR51_DL64","LL063_FR51_DL64_9","UO",2022-05-18 14:14:00,2022-05-18 14:25:00,""
"354","LL063_FR51_DL64","LL063_FR51_DL64_10","UO",2022-05-18 14:40:00,2022-05-18 14:53:00,""
"355","LL063_FR51_DL64","LL063_FR51_DL64_11","UO",2022-05-18 20:19:00,2022-05-18 20:41:00,""
"356","LL063_FR51_DL64","LL063_FR51_DL64_12","UO",2022-05-19 04:56:00,2022-05-19 05:35:00,""
"357","LL063_FR51_DL64","LL063_FR51_DL64_13","UO",2022-05-19 23:32:00,2022-05-20 00:02:00,""
"358","LL063_FR51_DL64","LL063_FR51_DL64_14","UO",2022-05-20 10:00:00,2022-05-20 10:02:00,""
"359","LL063_FR51_DL64","LL063_FR51_DL64_15","UO",2022-05-20 13:38:00,2022-05-20 14:03:00,""
"360","LL063_FR51_DL64","LL063_FR51_DL64_16","UO",2022-05-22 05:11:00,2022-05-22 05:58:00,"Pc?"
"361","LL063_FR51_DL64","LL063_FR51_DL64_17","UO",2022-05-24 09:30:00,2022-05-24 10:29:00,""
"362","LL063_FR52_DL59","LL063_FR52_DL59_1","UO",2022-05-18 03:12:00,2022-05-18 04:11:00,""
"363","LL063_FR52_DL59","LL063_FR52_DL59_2","UO",2022-05-20 04:11:00,2022-05-20 04:22:00,""
"364","LL063_FR52_DL59","LL063_FR52_DL59_3","UO",2022-05-20 05:00:00,2022-05-20 06:02:00,""
"365","LL063_FR52_DL59","LL063_FR52_DL59_4","UO",2022-05-21 12:44:00,2022-05-21 13:24:00,"banding in clicks"
"366","LL063_FR52_DL59","LL063_FR52_DL59_5","UO",2022-05-22 01:21:00,2022-05-22 01:52:00,""
"367","LL063_FR52_DL59","LL063_FR52_DL59_6","UO",2022-05-22 02:45:00,2022-05-22 02:56:00,""
"368","LL063_FR52_DL59","LL063_FR52_DL59_7","UO",2022-05-22 03:45:00,2022-05-22 04:39:00,""
"369","LL063_FR52_DL59","LL063_FR52_DL59_8","UO",2022-05-22 14:40:00,2022-05-22 14:43:00,""
"370","LL063_FR52_DL59","LL063_FR52_DL59_9","UO",2022-05-23 04:01:00,2022-05-23 04:21:00,""
"371","LL063_FR52_DL59","LL063_FR52_DL59_10","UO",2022-05-23 12:07:00,2022-05-23 12:41:00,""
"372","LL063_FR52_DL59","LL063_FR52_DL59_11","UO",2022-05-24 08:53:00,2022-05-24 09:52:00,"banding in clicks"
"373","LL063_FR63_DL73","LL063_FR63_DL73_1","UO",2022-05-17 22:42:00,2022-05-17 23:31:00,"Oo?"
"374","LL063_FR63_DL73","LL063_FR63_DL73_2","UO",2022-05-18 00:38:00,2022-05-18 01:28:00,"Oo?"
"375","LL063_FR63_DL73","LL063_FR63_DL73_3","UO",2022-05-18 03:52:00,2022-05-18 04:03:00,""
"376","LL063_FR63_DL73","LL063_FR63_DL73_4","UO",2022-05-18 08:24:00,2022-05-18 09:27:00,""
"377","LL063_FR63_DL73","LL063_FR63_DL73_5","UO",2022-05-19 04:46:00,2022-05-19 05:53:00,""
"378","LL063_FR63_DL73","LL063_FR63_DL73_6","UO",2022-05-19 08:29:00,2022-05-19 08:42:00,""
"379","LL063_FR63_DL73","LL063_FR63_DL73_7","UO",2022-05-19 09:20:00,2022-05-19 11:32:00,""
"380","LL063_FR63_DL73","LL063_FR63_DL73_8","UO",2022-05-19 11:54:00,2022-05-19 13:03:00,""
"381","LL063_FR63_DL73","LL063_FR63_DL73_9","UO",2022-05-20 01:40:00,2022-05-20 01:56:00,""
"382","LL063_FR63_DL73","LL063_FR63_DL73_10","UO",2022-05-20 07:15:00,2022-05-20 07:29:00,""
"383","LL063_FR63_DL73","LL063_FR63_DL73_11","UO",2022-05-20 09:29:00,2022-05-20 10:55:00,""
"384","LL063_FR63_DL73","LL063_FR63_DL73_12","UO",2022-05-20 14:03:00,2022-05-20 14:23:00,""
"385","LL063_FR63_DL73","LL063_FR63_DL73_13","UO",2022-05-22 06:02:00,2022-05-22 07:21:00,""
"386","LL063_FR63_DL73","LL063_FR63_DL73_14","UO",2022-05-22 10:04:00,2022-05-22 10:46:00,""
"387","LL064_FR05_DL96","LL064_FR05_DL96_1","UO",2022-07-15 05:08:00,2022-07-15 05:40:00,""
"388","LL064_FR05_DL96","LL064_FR05_DL96_2","UO",2022-07-15 07:04:00,2022-07-15 07:16:00,""
"389","LL064_FR05_DL96","LL064_FR05_DL96_3","UO",2022-07-17 03:54:00,2022-07-17 04:17:00,""
"390","LL064_FR05_DL96","LL064_FR05_DL96_4","UO",2022-07-17 07:02:00,2022-07-17 08:09:00,""
"391","LL064_FR05_DL96","LL064_FR05_DL96_5","UO",2022-07-17 12:45:00,2022-07-17 12:53:00,""
"392","LL064_FR05_DL96","LL064_FR05_DL96_6","UO",2022-07-17 13:58:00,2022-07-17 14:01:00,""
"393","LL064_FR05_DL96","LL064_FR05_DL96_7","UO",2022-07-18 11:55:00,2022-07-18 12:39:00,"Pc?"
"394","LL064_FR05_DL96","LL064_FR05_DL96_8","UO",2022-07-22 08:59:00,2022-07-22 09:45:00,""
"395","LL064_FR05_DL96","LL064_FR05_DL96_9","UO",2022-07-24 06:58:00,2022-07-24 07:45:00,""
"396","LL064_FR05_DL96","LL064_FR05_DL96_10","UO",2022-07-24 15:11:00,2022-07-24 16:02:00,""
"397","LL064_FR51_DL64","LL064_FR51_DL64_1","UO",2022-07-18 09:26:00,2022-07-18 09:56:00,""
"398","LL064_FR51_DL64","LL064_FR51_DL64_2","UO",2022-07-20 00:30:00,2022-07-20 00:35:00,""
"399","LL064_FR51_DL64","LL064_FR51_DL64_3","UO",2022-07-20 00:50:00,2022-07-20 01:17:00,""
"400","LL064_FR51_DL64","LL064_FR51_DL64_4","UO",2022-07-20 01:49:00,2022-07-20 01:51:00,""
"401","LL064_FR51_DL64","LL064_FR51_DL64_5","UO",2022-07-20 09:39:00,2022-07-20 11:01:00,""
"402","LL064_FR51_DL64","LL064_FR51_DL64_6","UO",2022-07-20 13:58:00,2022-07-20 15:13:00,""
"403","LL064_FR51_DL64","LL064_FR51_DL64_7","UO",2022-07-21 12:15:00,2022-07-21 12:48:00,""
"404","LL064_FR51_DL64","LL064_FR51_DL64_8","UO",2022-07-22 05:08:00,2022-07-22 05:54:00,""
"405","LL064_FR52_DL59","LL064_FR52_DL59_1","UO",2022-07-15 03:28:00,2022-07-15 04:17:00,""
"406","LL064_FR52_DL59","LL064_FR52_DL59_2","UO",2022-07-15 11:40:00,2022-07-15 12:48:00,""
"407","LL064_FR52_DL59","LL064_FR52_DL59_3","UO",2022-07-18 12:25:00,2022-07-18 12:36:00,""
"408","LL064_FR52_DL59","LL064_FR52_DL59_4","UO",2022-07-19 23:37:00,2022-07-20 00:27:00,""
"409","LL064_FR52_DL59","LL064_FR52_DL59_5","UO",2022-07-21 08:49:00,2022-07-21 08:55:00,"BWC FM pulses mixed in with lower freq clicks and buzzes"
"410","LL064_FR52_DL59","LL064_FR52_DL59_6","UO",2022-07-21 09:38:00,2022-07-21 10:21:00,""
"411","LL064_FR52_DL59","LL064_FR52_DL59_7","UO",2022-07-22 08:45:00,2022-07-22 09:33:00,""
"412","LL064_FR52_DL59","LL064_FR52_DL59_8","UO",2022-07-24 05:01:00,2022-07-24 05:54:00,""
"413","LL064_FR63_DL73","LL064_FR63_DL73_1","UO",2022-07-14 11:14:00,2022-07-14 12:05:00,""
"414","LL064_FR63_DL73","LL064_FR63_DL73_2","UO",2022-07-14 15:09:00,2022-07-14 15:21:00,""
"415","LL064_FR63_DL73","LL064_FR63_DL73_3","UO",2022-07-17 11:36:00,2022-07-17 11:47:00,""
"416","LL064_FR63_DL73","LL064_FR63_DL73_4","UO",2022-07-18 01:14:00,2022-07-18 01:50:00,""
"417","LL064_FR63_DL73","LL064_FR63_DL73_5","UO",2022-07-18 09:22:00,2022-07-18 09:55:00,""
"418","LL064_FR63_DL73","LL064_FR63_DL73_6","UO",2022-07-20 03:56:00,2022-07-20 04:41:00,""
"419","LL064_FR63_DL73","LL064_FR63_DL73_7","UO",2022-07-20 06:28:00,2022-07-20 07:33:00,""
"420","LL064_FR63_DL73","LL064_FR63_DL73_8","UO",2022-07-21 06:46:00,2022-07-21 07:40:00,"banding in clicks"
"421","LL064_FR63_DL73","LL064_FR63_DL73_9","UO",2022-07-22 07:08:00,2022-07-22 07:33:00,""
"422","LL064_FR63_DL73","LL064_FR63_DL73_10","UO",2022-07-24 00:43:00,2022-07-24 00:50:00,""
"423","LL064_FR63_DL73","LL064_FR63_DL73_11","UO",2022-07-24 07:44:00,2022-07-24 08:14:00,""
"424","LL065_FR05_DL96","LL065_FR05_DL96_1","UO",2022-09-02 08:31:00,2022-09-02 09:26:00,""
"425","LL065_FR05_DL96","LL065_FR05_DL96_2","UO",2022-09-03,2022-09-03 01:04:00,""
"426","LL065_FR05_DL96","LL065_FR05_DL96_3","UO",2022-09-03 08:29:00,2022-09-03 08:44:00,"BW"
"427","LL065_FR05_DL96","LL065_FR05_DL96_4","UO",2022-09-04 08:56:00,2022-09-04 10:26:00,""
"428","LL065_FR05_DL96","LL065_FR05_DL96_5","UO",2022-09-04 13:12:00,2022-09-04 13:30:00,""
"429","LL065_FR10_DL73","LL065_FR10_DL73_1","UO",2022-09-01 17:44:00,2022-09-01 17:59:00,""
"430","LL065_FR10_DL73","LL065_FR10_DL73_2","UO",2022-09-02 11:01:00,2022-09-02 11:38:00,""
"431","LL065_FR10_DL73","LL065_FR10_DL73_3","UO",2022-09-03 05:48:00,2022-09-03 06:32:00,""
"432","LL065_FR10_DL73","LL065_FR10_DL73_4","UO",2022-09-03 07:12:00,2022-09-03 09:36:00,""
"433","LL065_FR10_DL73","LL065_FR10_DL73_5","UO",2022-09-03 13:44:00,2022-09-03 14:01:00,""
"434","LL065_FR10_DL73","LL065_FR10_DL73_6","UO",2022-09-04 06:19:00,2022-09-04 06:26:00,""
"435","LL065_FR10_DL73","LL065_FR10_DL73_7","UO",2022-09-04 07:50:00,2022-09-04 08:30:00,""
"436","LL065_FR10_DL73","LL065_FR10_DL73_8","UO",2022-09-04 14:33:00,2022-09-04 14:47:00,""
"437","LL065_FR51_DL64","LL065_FR51_DL64_1","UO",2022-09-03 05:46:00,2022-09-03 06:11:00,"sperm whale clicks mixed in"
"438","LL065_FR51_DL64","LL065_FR51_DL64_2","UO",2022-09-04 04:15:00,2022-09-04 05:30:00,""
"439","LL065_FR52_DL59","LL065_FR52_DL59_1","UO",2022-08-30 18:48:00,2022-08-30 18:58:00,"banding in clicks"
"440","LL065_FR52_DL59","LL065_FR52_DL59_2","UO",2022-08-31 00:35:00,2022-08-31 00:36:00,""
"441","LL065_FR52_DL59","LL065_FR52_DL59_3","UO",2022-08-31 01:15:00,2022-08-31 01:17:00,""
"442","LL065_FR52_DL59","LL065_FR52_DL59_4","UO",2022-09-02 12:56:00,2022-09-02 13:27:00,""
"443","LL066_FR05_DL96","LL066_FR05_DL96_1","UO",2023-01-19 06:31:00,2023-01-19 06:34:00,""
"444","LL066_FR05_DL96","LL066_FR05_DL96_2","UO",2023-01-19 08:58:00,2023-01-19 09:00:00,""
"445","LL066_FR05_DL96","LL066_FR05_DL96_3","UO",2023-01-22 03:45:00,2023-01-22 04:13:00,""
"446","LL066_FR05_DL96","LL066_FR05_DL96_4","UO",2023-01-23 07:54:00,2023-01-23 08:56:00,""
"447","LL066_FR05_DL96","LL066_FR05_DL96_5","UO",2023-01-24 05:48:00,2023-01-24 06:53:00,""
"448","LL066_FR05_DL96","LL066_FR05_DL96_6","UO",2023-01-24 09:53:00,2023-01-24 10:09:00,""
"449","LL066_FR05_DL96","LL066_FR05_DL96_7","UO",2023-01-28 07:04:00,2023-01-28 07:16:00,""
"450","LL066_FR51_DL64","LL066_FR51_DL64_1","UO",2023-01-17 22:55:00,2023-01-17 22:56:00,""
"451","LL066_FR51_DL64","LL066_FR51_DL64_2","UO",2023-01-18 03:31:00,2023-01-18 04:09:00,""
"452","LL066_FR51_DL64","LL066_FR51_DL64_3","UO",2023-01-18 08:14:00,2023-01-18 08:27:00,""
"453","LL066_FR51_DL64","LL066_FR51_DL64_4","UO",2023-01-21 07:22:00,2023-01-21 08:17:00,""
"454","LL066_FR51_DL64","LL066_FR51_DL64_5","UO",2023-01-21 08:52:00,2023-01-21 09:15:00,""
"455","LL066_FR51_DL64","LL066_FR51_DL64_6","UO",2023-01-26 09:18:00,2023-01-26 09:36:00,"banding in clicks"
"456","LL066_FR51_DL64","LL066_FR51_DL64_7","UO",2023-01-27 08:02:00,2023-01-27 08:43:00,""
"457","LL066_FR51_DL64","LL066_FR51_DL64_8","UO",2023-01-27 09:58:00,2023-01-27 10:24:00,""
"458","LL066_FR52_DL59","LL066_FR52_DL59_1","UO",2023-01-18 00:20:00,2023-01-18 00:52:00,""
"459","LL066_FR52_DL59","LL066_FR52_DL59_2","UO",2023-01-19 08:09:00,2023-01-19 08:31:00,""
"460","LL066_FR52_DL59","LL066_FR52_DL59_3","UO",2023-01-21 04:51:00,2023-01-21 05:42:00,""
"461","LL066_FR52_DL59","LL066_FR52_DL59_4","UO",2023-01-25 06:11:00,2023-01-25 08:59:00,""
"462","LL066_FR52_DL59","LL066_FR52_DL59_5","UO",2023-01-27 07:23:00,2023-01-27 07:49:00,""
"463","LL067_FR45_DL60","LL067_FR45_DL60_1","UO",2023-03-11 00:24:00,2023-03-11 04:27:00,"Oo pulsed calls?"
"464","LL067_FR45_DL60","LL067_FR45_DL60_2","UO",2023-03-12 03:07:00,2023-03-12 03:22:00,""
"465","LL067_FR45_DL60","LL067_FR45_DL60_3","UO",2023-03-13 21:26:00,2023-03-13 21:43:00,""
"466","LL067_FR45_DL60","LL067_FR45_DL60_4","UO",2023-03-13 21:46:00,2023-03-13 22:04:00,""
"467","LL067_FR45_DL60","LL067_FR45_DL60_5","UO",2023-03-13 22:17:00,2023-03-14 02:26:00,""
"468","LL067_FR45_DL60","LL067_FR45_DL60_6","UO",2023-03-14 03:33:00,2023-03-14 04:10:00,""
"469","LL067_FR45_DL60","LL067_FR45_DL60_7","UO",2023-03-14 05:21:00,2023-03-14 07:11:00,""
"470","LL067_FR45_DL60","LL067_FR45_DL60_8","UO",2023-03-14 07:59:00,2023-03-14 11:28:00,""
"471","LL067_FR45_DL60","LL067_FR45_DL60_9","UO",2023-03-14 12:07:00,2023-03-14 12:34:00,"banding in clicks"
"472","LL067_FR45_DL60","LL067_FR45_DL60_10","UO",2023-03-14 12:34:00,2023-03-14 15:50:00,""
"473","LL067_FR45_DL60","LL067_FR45_DL60_11","UO",2023-03-14 16:16:00,2023-03-14 16:33:00,""
"474","LL067_FR45_DL60","LL067_FR45_DL60_12","UO",2023-03-14 20:24:00,2023-03-14 20:33:00,""
"475","LL067_FR45_DL60","LL067_FR45_DL60_13","UO",2023-03-14 21:01:00,2023-03-14 21:18:00,""
"476","LL067_FR45_DL60","LL067_FR45_DL60_14","UO",2023-03-14 21:59:00,2023-03-14 23:39:00,""
"477","LL067_FR45_DL60","LL067_FR45_DL60_15","UO",2023-03-15 00:28:00,2023-03-15 01:29:00,""
"478","LL067_FR45_DL60","LL067_FR45_DL60_16","UO",2023-03-15 05:39:00,2023-03-15 06:54:00,""
"479","LL067_FR45_DL60","LL067_FR45_DL60_17","UO",2023-03-15 08:00:00,2023-03-15 08:47:00,""
"480","LL067_FR45_DL60","LL067_FR45_DL60_18","UO",2023-03-15 09:46:00,2023-03-15 10:33:00,""
"481","LL067_FR45_DL60","LL067_FR45_DL60_19","UO",2023-03-18 04:47:00,2023-03-18 09:28:00,"Pc?"
"482","LL067_FR51_DL64","LL067_FR51_DL64_1","UO",2023-03-11 01:55:00,2023-03-11 02:09:00,""
"483","LL067_FR51_DL64","LL067_FR51_DL64_2","UO",2023-03-11 23:11:00,2023-03-11 23:35:00,""
"484","LL067_FR51_DL64","LL067_FR51_DL64_3","UO",2023-03-12 05:29:00,2023-03-12 07:32:00,""
"485","LL067_FR51_DL64","LL067_FR51_DL64_4","UO",2023-03-12 10:12:00,2023-03-12 10:26:00,""
"486","LL067_FR51_DL64","LL067_FR51_DL64_5","UO",2023-03-12 12:00:00,2023-03-12 13:41:00,""
"487","LL067_FR51_DL64","LL067_FR51_DL64_6","UO",2023-03-12 15:14:00,2023-03-12 16:05:00,""
"488","LL067_FR51_DL64","LL067_FR51_DL64_7","UO",2023-03-13 23:51:00,2023-03-14,""
"489","LL067_FR51_DL64","LL067_FR51_DL64_8","UO",2023-03-14 02:26:00,2023-03-14 03:50:00,""
"490","LL067_FR51_DL64","LL067_FR51_DL64_9","UO",2023-03-14 05:32:00,2023-03-14 05:45:00,""
"491","LL067_FR51_DL64","LL067_FR51_DL64_10","UO",2023-03-14 06:50:00,2023-03-14 08:51:00,""
"492","LL067_FR51_DL64","LL067_FR51_DL64_11","UO",2023-03-14 10:46:00,2023-03-14 12:25:00,""
"493","LL067_FR51_DL64","LL067_FR51_DL64_12","UO",2023-03-14 13:05:00,2023-03-14 13:35:00,""
"494","LL067_FR51_DL64","LL067_FR51_DL64_13","UO",2023-03-15 00:26:00,2023-03-15 04:36:00,""
"495","LL067_FR51_DL64","LL067_FR51_DL64_14","UO",2023-03-15 05:06:00,2023-03-15 05:24:00,""
"496","LL067_FR51_DL64","LL067_FR51_DL64_15","UO",2023-03-15 09:20:00,2023-03-15 10:00:00,""
"497","LL067_FR51_DL64","LL067_FR51_DL64_16","UO",2023-03-17 05:02:00,2023-03-17 06:46:00,""
"498","LL067_FR51_DL64","LL067_FR51_DL64_17","UO",2023-03-17 22:30:00,2023-03-17 23:53:00,""
"499","LL067_FR51_DL64","LL067_FR51_DL64_18","UO",2023-03-18 00:40:00,2023-03-18 00:50:00,""
"500","LL067_FR51_DL64","LL067_FR51_DL64_19","UO",2023-03-18 08:49:00,2023-03-18 10:00:00,""
"501","LL067_FR51_DL64","LL067_FR51_DL64_20","UO",2023-03-18 11:29:00,2023-03-18 12:25:00,""
"502","LL067_FR52_DL59","LL067_FR52_DL59_1","UO",2023-03-10 20:20:00,2023-03-10 20:40:00,""
"503","LL067_FR52_DL59","LL067_FR52_DL59_2","UO",2023-03-10 22:56:00,2023-03-10 23:10:00,""
"504","LL067_FR52_DL59","LL067_FR52_DL59_3","UO",2023-03-11 06:30:00,2023-03-11 08:03:00,""
"505","LL067_FR52_DL59","LL067_FR52_DL59_4","UO",2023-03-11 14:40:00,2023-03-11 15:13:00,""
"506","LL067_FR52_DL59","LL067_FR52_DL59_5","UO",2023-03-11 15:36:00,2023-03-11 16:12:00,""
"507","LL067_FR52_DL59","LL067_FR52_DL59_6","UO",2023-03-12 02:28:00,2023-03-12 02:34:00,""
"508","LL067_FR52_DL59","LL067_FR52_DL59_7","UO",2023-03-14 05:07:00,2023-03-14 06:41:00,""
"509","LL067_FR52_DL59","LL067_FR52_DL59_8","UO",2023-03-15 05:03:00,2023-03-15 06:10:00,""
"510","LL067_FR52_DL59","LL067_FR52_DL59_9","UO",2023-03-15 08:39:00,2023-03-15 13:21:00,""
"511","LL067_FR52_DL59","LL067_FR52_DL59_10","UO",2023-03-15 15:08:00,2023-03-15 15:39:00,""
"512","LL067_FR52_DL59","LL067_FR52_DL59_11","UO",2023-03-17 01:38:00,2023-03-17 01:43:00,""
"513","LL067_FR64_DL88","LL067_FR64_DL88_1","UO",2023-03-11 05:15:00,2023-03-11 07:03:00,""
"514","LL067_FR64_DL88","LL067_FR64_DL88_2","UO",2023-03-11 09:34:00,2023-03-11 09:51:00,""
"515","LL067_FR64_DL88","LL067_FR64_DL88_3","UO",2023-03-11 10:21:00,2023-03-11 11:34:00,""
"516","LL067_FR64_DL88","LL067_FR64_DL88_4","UO",2023-03-12 04:00:00,2023-03-12 05:31:00,""
"517","LL067_FR64_DL88","LL067_FR64_DL88_5","UO",2023-03-14 01:54:00,2023-03-14 02:05:00,""
"518","LL067_FR64_DL88","LL067_FR64_DL88_6","UO",2023-03-14 02:57:00,2023-03-14 09:51:00,""
"519","LL067_FR64_DL88","LL067_FR64_DL88_7","UO",2023-03-15 05:29:00,2023-03-15 06:33:00,""
"520","LL067_FR64_DL88","LL067_FR64_DL88_8","UO",2023-03-16 22:32:00,2023-03-16 22:40:00,""
"521","LL067_FR64_DL88","LL067_FR64_DL88_9","UO",2023-03-17 09:04:00,2023-03-17 09:47:00,"banding in clicks"
"522","LL067_FR64_DL88","LL067_FR64_DL88_10","UO",2023-03-17 14:05:00,2023-03-17 14:16:00,""
"523","LL067_FR64_DL88","LL067_FR64_DL88_11","UO",2023-03-17 15:29:00,2023-03-17 15:30:00,""
"524","LL067_FR64_DL88","LL067_FR64_DL88_12","UO",2023-03-17 22:26:00,2023-03-18 02:36:00,""
"525","LL067_FR64_DL88","LL067_FR64_DL88_13","UO",2023-03-18 06:36:00,2023-03-18 06:53:00,""
"526","LL067_FR64_DL88","LL067_FR64_DL88_14","UO",2023-03-18 07:55:00,2023-03-18 08:08:00,""
"527","LL067_FR64_DL88","LL067_FR64_DL88_15","UO",2023-03-18 09:26:00,2023-03-18 09:46:00,""
"528","LL067_FR64_DL88","LL067_FR64_DL88_16","UO",2023-03-18 13:34:00,2023-03-18 17:05:00,""
"529","LL068_FR45_DL60","LL068_FR45_DL60_1","UO",2023-05-24 04:59:00,2023-05-24 05:09:00,""
"530","LL068_FR45_DL60","LL068_FR45_DL60_2","UO",2023-05-25 05:15:00,2023-05-25 06:01:00,""
"531","LL068_FR45_DL60","LL068_FR45_DL60_3","UO",2023-05-25 11:40:00,2023-05-25 12:02:00,"possible banding in clicks"
"532","LL068_FR45_DL60","LL068_FR45_DL60_4","UO",2023-05-30 00:59:00,2023-05-30 01:01:00,""
"533","LL068_FR51_DL64","LL068_FR51_DL64_1","UO",2023-05-24 07:14:00,2023-05-24 08:07:00,""
"534","LL068_FR51_DL64","LL068_FR51_DL64_2","UO",2023-05-27 00:32:00,2023-05-27 00:45:00,""
"535","LL068_FR51_DL64","LL068_FR51_DL64_3","UO",2023-05-27 02:37:00,2023-05-27 02:54:00,""
"536","LL068_FR51_DL64","LL068_FR51_DL64_4","UO",2023-05-27 09:20:00,2023-05-27 09:44:00,""
"537","LL068_FR51_DL64","LL068_FR51_DL64_5","UO",2023-05-28 03:55:00,2023-05-28 04:22:00,""
"538","LL068_FR51_DL64","LL068_FR51_DL64_6","UO",2023-05-30 09:59:00,2023-05-30 11:04:00,""
"539","LL068_FR52_DL59","LL068_FR52_DL59_1","UO",2023-05-24 09:35:00,2023-05-24 10:01:00,""
"540","LL068_FR52_DL59","LL068_FR52_DL59_2","UO",2023-05-24 13:48:00,2023-05-24 13:57:00,""
"541","LL068_FR52_DL59","LL068_FR52_DL59_3","UO",2023-05-25 05:10:00,2023-05-25 05:46:00,""
"542","LL068_FR52_DL59","LL068_FR52_DL59_4","UO",2023-05-25 12:13:00,2023-05-25 12:39:00,""
"543","LL068_FR52_DL59","LL068_FR52_DL59_5","UO",2023-05-26 17:05:00,2023-05-26 18:12:00,"Pc?"
"544","LL068_FR52_DL59","LL068_FR52_DL59_6","UO",2023-05-27 00:20:00,2023-05-27 00:42:00,""
"545","LL068_FR52_DL59","LL068_FR52_DL59_7","UO",2023-05-27 15:36:00,2023-05-27 16:45:00,""
"546","LL068_FR52_DL59","LL068_FR52_DL59_8","UO",2023-05-27 21:23:00,2023-05-27 21:56:00,"BW (Md)?"
"547","LL068_FR52_DL59","LL068_FR52_DL59_9","UO",2023-05-28 11:14:00,2023-05-28 12:20:00,"banding in clicks"
"548","LL068_FR52_DL59","LL068_FR52_DL59_10","UO",2023-05-28 14:39:00,2023-05-28 16:46:00,""
"549","LL068_FR52_DL59","LL068_FR52_DL59_11","UO",2023-05-30 09:07:00,2023-05-30 09:23:00,""
"550","LL068_FR52_DL59","LL068_FR52_DL59_12","UO",2023-05-30 11:14:00,2023-05-30 11:24:00,""
"551","LL069_FR05_DL96","LL069_FR05_DL96_1","UO",2023-08-03 08:25:00,2023-08-03 08:54:00,""
"552","LL069_FR05_DL96","LL069_FR05_DL96_2","UO",2023-08-03 12:01:00,2023-08-03 12:05:00,""
"553","LL069_FR05_DL96","LL069_FR05_DL96_3","UO",2023-08-03 13:17:00,2023-08-03 13:52:00,""
"554","LL069_FR05_DL96","LL069_FR05_DL96_4","UO",2023-08-04 05:16:00,2023-08-04 05:40:00,""
"555","LL069_FR05_DL96","LL069_FR05_DL96_5","UO",2023-08-04 06:52:00,2023-08-04 07:24:00,""
"556","LL069_FR05_DL96","LL069_FR05_DL96_6","UO",2023-08-04 10:07:00,2023-08-04 13:24:00,""
"557","LL069_FR05_DL96","LL069_FR05_DL96_7","UO",2023-08-05 05:31:00,2023-08-05 07:19:00,""
"558","LL069_FR05_DL96","LL069_FR05_DL96_8","UO",2023-08-05 08:26:00,2023-08-05 08:31:00,""
"559","LL069_FR05_DL96","LL069_FR05_DL96_9","UO",2023-08-05 09:01:00,2023-08-05 09:30:00,""
"560","LL069_FR05_DL96","LL069_FR05_DL96_10","UO",2023-08-05 09:51:00,2023-08-05 10:21:00,""
"561","LL069_FR05_DL96","LL069_FR05_DL96_11","UO",2023-08-05 10:50:00,2023-08-05 11:34:00,""
"562","LL069_FR05_DL96","LL069_FR05_DL96_12","UO",2023-08-05 11:55:00,2023-08-05 12:29:00,""
"563","LL069_FR05_DL96","LL069_FR05_DL96_13","UO",2023-08-05 12:28:00,2023-08-05 14:44:00,""
"564","LL069_FR05_DL96","LL069_FR05_DL96_14","UO",2023-08-06 05:57:00,2023-08-06 07:45:00,""
"565","LL069_FR05_DL96","LL069_FR05_DL96_15","UO",2023-08-06 08:34:00,2023-08-06 09:23:00,""
"566","LL069_FR05_DL96","LL069_FR05_DL96_16","UO",2023-08-07 03:39:00,2023-08-07 05:02:00,""
"567","LL069_FR05_DL96","LL069_FR05_DL96_17","UO",2023-08-07 09:34:00,2023-08-07 10:08:00,""
"568","LL069_FR45_DL60","LL069_FR45_DL60_1","UO",2023-08-02 05:51:00,2023-08-02 06:14:00,""
"569","LL069_FR45_DL60","LL069_FR45_DL60_2","UO",2023-08-04 06:30:00,2023-08-04 06:40:00,""
"570","LL069_FR45_DL60","LL069_FR45_DL60_3","UO",2023-08-04 07:51:00,2023-08-04 08:14:00,""
"571","LL069_FR45_DL60","LL069_FR45_DL60_4","UO",2023-08-04 09:14:00,2023-08-04 10:18:00,""
"572","LL069_FR45_DL60","LL069_FR45_DL60_5","UO",2023-08-05 03:38:00,2023-08-05 03:45:00,""
"573","LL069_FR45_DL60","LL069_FR45_DL60_6","UO",2023-08-05 07:43:00,2023-08-05 08:38:00,""
"574","LL069_FR45_DL60","LL069_FR45_DL60_7","UO",2023-08-05 10:16:00,2023-08-05 10:40:00,""
"575","LL069_FR45_DL60","LL069_FR45_DL60_8","UO",2023-08-06 01:56:00,2023-08-06 02:18:00,""
"576","LL069_FR45_DL60","LL069_FR45_DL60_9","UO",2023-08-06 10:20:00,2023-08-06 10:35:00,""
"577","LL069_FR45_DL60","LL069_FR45_DL60_10","UO",2023-08-06 11:10:00,2023-08-06 12:05:00,""
"578","LL069_FR45_DL60","LL069_FR45_DL60_11","UO",2023-08-07 05:04:00,2023-08-07 05:10:00,""
"579","LL069_FR45_DL60","LL069_FR45_DL60_12","UO",2023-08-07 06:25:00,2023-08-07 06:37:00,""
"580","LL069_FR45_DL60","LL069_FR45_DL60_13","UO",2023-08-07 10:03:00,2023-08-07 10:47:00,""
"581","LL069_FR45_DL60","LL069_FR45_DL60_14","UO",2023-08-07 12:50:00,2023-08-07 12:52:00,""
"582","LL069_FR45_DL60","LL069_FR45_DL60_15","UO",2023-08-08 08:52:00,2023-08-08 09:48:00,""
"583","LL069_FR45_DL60","LL069_FR45_DL60_16","UO",2023-08-08 11:30:00,2023-08-08 12:09:00,""
"584","LL069_FR45_DL60","LL069_FR45_DL60_17","UO",2023-08-09 06:01:00,2023-08-09 08:58:00,""
"585","LL069_FR51_DL64","LL069_FR51_DL64_1","UO",2023-08-03 08:53:00,2023-08-03 09:04:00,""
"586","LL069_FR51_DL64","LL069_FR51_DL64_2","UO",2023-08-03 09:36:00,2023-08-03 10:14:00,""
"587","LL069_FR51_DL64","LL069_FR51_DL64_3","UO",2023-08-03 15:17:00,2023-08-03 16:02:00,""
"588","LL069_FR51_DL64","LL069_FR51_DL64_4","UO",2023-08-03 16:16:00,2023-08-03 16:33:00,""
"589","LL069_FR51_DL64","LL069_FR51_DL64_5","UO",2023-08-04 05:06:00,2023-08-04 08:09:00,""
"590","LL069_FR51_DL64","LL069_FR51_DL64_6","UO",2023-08-04 09:45:00,2023-08-04 10:07:00,""
"591","LL069_FR51_DL64","LL069_FR51_DL64_7","UO",2023-08-04 12:11:00,2023-08-04 14:34:00,""
"592","LL069_FR51_DL64","LL069_FR51_DL64_8","UO",2023-08-04 15:17:00,2023-08-04 15:44:00,""
"593","LL069_FR51_DL64","LL069_FR51_DL64_9","UO",2023-08-05 06:33:00,2023-08-05 07:01:00,""
"594","LL069_FR51_DL64","LL069_FR51_DL64_10","UO",2023-08-05 08:51:00,2023-08-05 13:25:00,""
"595","LL069_FR51_DL64","LL069_FR51_DL64_11","UO",2023-08-05 14:34:00,2023-08-05 15:39:00,""
"596","LL069_FR51_DL64","LL069_FR51_DL64_12","UO",2023-08-06 11:09:00,2023-08-06 12:16:00,""
"597","LL069_FR51_DL64","LL069_FR51_DL64_13","UO",2023-08-07 02:29:00,2023-08-07 02:48:00,""
"598","LL069_FR51_DL64","LL069_FR51_DL64_14","UO",2023-08-07 14:59:00,2023-08-07 15:32:00,""
"599","LL069_FR51_DL64","LL069_FR51_DL64_15","UO",2023-08-07 16:01:00,2023-08-07 16:06:00,""
"600","LL069_FR51_DL64","LL069_FR51_DL64_16","UO",2023-08-08 11:44:00,2023-08-08 12:27:00,""
"601","LL069_FR51_DL64","LL069_FR51_DL64_17","UO",2023-08-09 12:30:00,2023-08-09 13:14:00,""
"602","LL069_FR51_DL64","LL069_FR51_DL64_18","UO",2023-08-09 13:35:00,2023-08-09 14:38:00,""
"603","LL069_FR64_DL88","LL069_FR64_DL88_1","UO",2023-08-04 02:39:00,2023-08-04 02:44:00,""
"604","LL069_FR64_DL88","LL069_FR64_DL88_2","UO",2023-08-05 13:10:00,2023-08-05 13:57:00,""
"605","LL069_FR64_DL88","LL069_FR64_DL88_3","UO",2023-08-06 02:50:00,2023-08-06 05:15:00,""
"606","LL069_FR64_DL88","LL069_FR64_DL88_4","UO",2023-08-06 07:48:00,2023-08-06 08:20:00,""
"607","LL069_FR64_DL88","LL069_FR64_DL88_5","UO",2023-08-07 06:39:00,2023-08-07 07:24:00,""
"608","LL069_FR64_DL88","LL069_FR64_DL88_6","UO",2023-08-09 08:18:00,2023-08-09 09:39:00,""
"609","LL070_FR45_DL60","LL070_FR45_DL60_1","UO",2023-09-23 08:29:00,2023-09-23 09:17:00,"banding in clicks"
"610","LL070_FR45_DL60","LL070_FR45_DL60_2","UO",2023-09-24 23:16:00,2023-09-24 23:18:00,"Kspp"
"611","LL070_FR45_DL60","LL070_FR45_DL60_3","UO",2023-09-24 22:59:00,2023-09-25 02:02:00,"Pm"
"612","LL070_FR45_DL60","LL070_FR45_DL60_4","UO",2023-09-25 04:26:00,2023-09-25 04:50:00,"Pm"
"613","LL070_FR45_DL60","LL070_FR45_DL60_5","UO",2023-09-28 23:59:00,2023-09-29 00:02:00,"Kspp"
"614","LL070_FR45_DL60","LL070_FR45_DL60_6","UO",2023-09-29 03:04:00,2023-09-29 03:11:00,"Kspp"
"615","LL070_FR51_DL64","LL070_FR51_DL64_1","UO",2023-09-22 08:18:00,2023-09-22 08:57:00,"Pm"
"616","LL070_FR51_DL64","LL070_FR51_DL64_2","UO",2023-09-22 09:11:00,2023-09-22 10:23:00,"Pm"
"617","LL070_FR51_DL64","LL070_FR51_DL64_3","UO",2023-09-22 10:35:00,2023-09-22 11:46:00,"Pm"
"618","LL070_FR51_DL64","LL070_FR51_DL64_4","UO",2023-09-25 03:16:00,2023-09-25 03:59:00,""
"619","LL070_FR63_DL84","LL070_FR63_DL84_1","UO",2023-09-22 12:24:00,2023-09-22 13:09:00,"Pm"
"620","LL070_FR63_DL84","LL070_FR63_DL84_2","UO",2023-09-22 13:24:00,2023-09-22 14:46:00,"Pm"
"621","LL070_FR63_DL84","LL070_FR63_DL84_3","UO",2023-09-22 13:57:00,2023-09-22 14:36:00,"sperm whale clicks mixed in"
"622","LL070_FR63_DL84","LL070_FR63_DL84_4","UO",2023-09-23 09:39:00,2023-09-23 10:51:00,""
"623","LL070_FR63_DL84","LL070_FR63_DL84_5","UO",2023-09-25 11:49:00,2023-09-25 13:01:00,""
"624","LL070_FR63_DL84","LL070_FR63_DL84_6","UO",2023-09-26 11:46:00,2023-09-26 12:53:00,""
"625","LL070_FR64_DL88","LL070_FR64_DL88_1","UO",2023-09-22 03:17:00,2023-09-22 03:51:00,"Pm"
"626","LL070_FR64_DL88","LL070_FR64_DL88_2","UO",2023-09-23 04:45:00,2023-09-23 05:17:00,""
"627","LL070_FR64_DL88","LL070_FR64_DL88_3","UO",2023-09-25 03:30:00,2023-09-25 03:34:00,"Kspp"
"628","LL070_FR64_DL88","LL070_FR64_DL88_4","UO",2023-09-25 11:49:00,2023-09-25 12:08:00,"Pm"
"629","LL070_FR64_DL88","LL070_FR64_DL88_5","UO",2023-09-26 04:40:00,2023-09-26 04:49:00,""
"630","LL070_FR64_DL88","LL070_FR64_DL88_6","UO",2023-09-28 04:47:00,2023-09-28 04:52:00,"Kspp"
"631","LL070_FR64_DL88","LL070_FR64_DL88_7","UO",2023-09-29 04:15:00,2023-09-29 04:18:00,"Pm"
"632","LL070_FR64_DL88","LL070_FR64_DL88_8","UO",2023-09-30 03:18:00,2023-09-30 03:43:00,"noise?"
"633","LL070_FR64_DL88","LL070_FR64_DL88_9","UO",2023-09-30 05:15:00,2023-09-30 05:36:00,"noise?"
"634","LL070_FR64_DL88","LL070_FR64_DL88_10","UO",2023-10-01 11:29:00,2023-10-01 13:20:00,""
