"","mission","id","species","start","stop","notes"
"1","sg639_MHI_Apr2022","sg639_MHI_Apr2022.sg639_01","UO",2022-04-05 20:00:56,2022-04-05 20:05:31,"NA"
"2","sg639_MHI_Apr2022","sg639_MHI_Apr2022.sg639_02","UO",2022-04-06 02:48:24,2022-04-06 03:06:04,"NA"
"3","sg639_MHI_Apr2022","sg639_MHI_Apr2022.sg639_03","UO",2022-04-07 02:49:36,2022-04-07 02:50:46,"NA"
"4","sg639_MHI_Apr2022","sg639_MHI_Apr2022.sg639_04","UO",2022-04-07 07:55:47,2022-04-07 08:49:23,"NA"
"5","sg639_MHI_Apr2022","sg639_MHI_Apr2022.sg639_05","UO",2022-04-07 14:01:51,2022-04-07 14:04:56,"NA"
"6","sg639_MHI_Apr2022","sg639_MHI_Apr2022.sg639_06","UO",2022-04-08 08:42:01,2022-04-08 09:22:38,"NA"
"7","sg639_MHI_Apr2022","sg639_MHI_Apr2022.sg639_07","UO",2022-04-09 05:58:03,2022-04-09 06:23:20,"NA"
"8","sg639_MHI_Apr2022","sg639_MHI_Apr2022.sg639_09","UO",2022-04-11 15:48:17,2022-04-11 15:59:43,"NA"
"9","sg639_MHI_Apr2022","sg639_MHI_Apr2022.sg639_10","UO",2022-04-12 06:15:36,2022-04-12 06:57:25,"NA"
"10","sg639_MHI_Apr2022","sg639_MHI_Apr2022.sg639_11","UO",2022-04-12 13:06:50,2022-04-12 15:20:59,"NA"
"11","sg639_MHI_Apr2022","sg639_MHI_Apr2022.sg639_12","UO",2022-04-12 17:50:00,2022-04-12 18:17:04,"NA"
"12","sg639_MHI_Apr2022","sg639_MHI_Apr2022.sg639_13","UO",2022-04-15 14:11:53,2022-04-15 15:03:22,"NA"
"13","sg639_MHI_Apr2022","sg639_MHI_Apr2022.sg639_14","UO",2022-04-16 00:59:54,2022-04-16 01:07:34,"NA"
"14","sg639_MHI_Apr2022","sg639_MHI_Apr2022.sg639_15","UO",2022-04-19 12:08:53,2022-04-19 13:07:56,"NA"
"15","sg639_MHI_Apr2022","sg639_MHI_Apr2022.sg639_16","UO",2022-04-20 22:53:11,2022-04-21 00:48:41,"NA"
"16","sg639_MHI_Apr2022","sg639_MHI_Apr2022.sg639_17","UO",2022-04-21 20:20:32,2022-04-21 21:06:00,"NA"
"17","sg639_MHI_Apr2022","sg639_MHI_Apr2022.sg639_19","UO",2022-04-22 03:36:07,2022-04-22 03:43:07,"NA"
"18","sg639_MHI_Apr2022","sg639_MHI_Apr2022.sg639_20","UO",2022-04-22 05:54:06,2022-04-22 06:04:03,"NA"
"19","sg639_MHI_Apr2022","sg639_MHI_Apr2022.sg639_21","UO",2022-04-22 11:24:48,2022-04-22 12:24:44,"NA"
"20","sg639_MHI_Apr2022","sg639_MHI_Apr2022.sg639_22","UO",2022-04-23 02:20:18,2022-04-23 02:21:48,"NA"
"21","sg639_MHI_Apr2022","sg639_MHI_Apr2022.sg639_23","UO",2022-04-23 08:29:12,2022-04-23 09:42:32,"NA"
"22","sg639_MHI_Apr2022","sg639_MHI_Apr2022.sg639_24","UO",2022-04-25 03:23:45,2022-04-25 04:45:22,"NA"
"23","sg639_MHI_Apr2022","sg639_MHI_Apr2022.sg639_25","UO",2022-04-27 10:33:54,2022-04-27 11:02:18,"NA"
"24","sg639_MHI_Apr2022","sg639_MHI_Apr2022.sg639_26","UO",2022-04-28 10:48:44,2022-04-28 11:42:44,"NA"
"25","sg639_MHI_Apr2022","sg639_MHI_Apr2022.sg639_27","UO",2022-04-28 22:20:50,2022-04-28 23:40:00,"NA"
"26","sg639_MHI_Apr2022","sg639_MHI_Apr2022.sg639_28","UO",2022-04-29 07:33:03,2022-04-29 09:20:53,"NA"
"27","sg639_MHI_Apr2022","sg639_MHI_Apr2022.sg639_30","UO",2022-04-29 13:50:48,2022-04-29 14:04:21,"NA"
"28","sg639_MHI_Apr2022","sg639_MHI_Apr2022.sg639_31","UO",2022-05-02 11:53:54,2022-05-02 12:40:08,"NA"
"29","sg639_MHI_Apr2022","sg639_MHI_Apr2022.sg639_32","UO",2022-05-03 05:05:41,2022-05-03 05:20:57,"NA"
"30","sg639_MHI_Apr2022","sg639_MHI_Apr2022.sg639_33","UO",2022-05-04 06:03:41,2022-05-04 06:52:53,"NA"
"31","sg639_MHI_Apr2022","sg639_MHI_Apr2022.sg639_34","UO",2022-05-04 11:38:16,2022-05-04 12:50:50,"NA"
"32","sg639_MHI_Apr2022","sg639_MHI_Apr2022.sg639_35","UO",2022-05-05 21:52:02,2022-05-05 22:39:22,"NA"
"33","sg639_MHI_Apr2022","sg639_MHI_Apr2022.sg639_36","UO",2022-05-05 23:08:00,2022-05-05 23:12:00,"NA"
"34","sg639_MHI_Apr2022","sg639_MHI_Apr2022.sg639_37","UO",2022-05-06 06:54:29,2022-05-06 07:07:47,"NA"
"35","sg639_MHI_Apr2022","sg639_MHI_Apr2022.sg639_38","UO",2022-05-06 07:26:18,2022-05-06 07:43:45,"NA"
"36","sg639_MHI_Apr2022","sg639_MHI_Apr2022.sg639_39","UO",2022-05-06 10:55:29,2022-05-06 11:13:12,"NA"
"37","sg639_MHI_Apr2022","sg639_MHI_Apr2022.sg639_40","UO",2022-05-06 13:12:42,2022-05-06 14:45:00,"NA"
"38","sg639_MHI_Apr2022","sg639_MHI_Apr2022.sg639_41","UO",2022-05-06 16:10:00,2022-05-06 16:40:00,"NA"
"39","sg639_MHI_Apr2022","sg639_MHI_Apr2022.sg639_42","UO",2022-05-06 17:10:00,2022-05-06 17:20:00,"NA"
"40","sg639_MHI_Apr2022","sg639_MHI_Apr2022.sg639_43","UO",2022-05-07 04:09:23,2022-05-07 04:47:00,"NA"
"41","sg639_MHI_Apr2022","sg639_MHI_Apr2022.sg639_44","UO",2022-05-08 18:46:30,2022-05-08 19:22:54,"NA"
"42","sg639_MHI_Apr2022","sg639_MHI_Apr2022.sg639_45","UO",2022-05-09 11:31:26,2022-05-09 12:18:50,"NA"
"43","sg639_MHI_Apr2022","sg639_MHI_Apr2022.sg639_46","UO",2022-05-10 12:34:16,2022-05-10 13:25:52,"NA"
"44","sg639_MHI_Apr2022","sg639_MHI_Apr2022.sg639_47","UO",2022-05-11 19:01:05,2022-05-11 19:18:15,"NA"
"45","sg639_MHI_Apr2022","sg639_MHI_Apr2022.sg639_48","UO",2022-05-16 01:54:52,2022-05-16 02:12:37,"NA"
"46","sg639_MHI_Apr2022","sg639_MHI_Apr2022.sg639_49","UO",2022-05-17 05:43:18,2022-05-17 07:26:30,"NA"
"47","sg639_MHI_Apr2022","sg639_MHI_Apr2022.sg639_51","UO",2022-05-17 08:36:05,2022-05-17 09:25:09,"NA"
"48","sg639_MHI_Apr2022","sg639_MHI_Apr2022.sg639_52","UO",2022-05-17 12:32:17,2022-05-17 13:12:24,"NA"
"49","sg639_MHI_Apr2022","sg639_MHI_Apr2022.sg639_53","UO",2022-05-17 14:10:33,2022-05-17 15:01:24,"NA"
"50","sg639_MHI_Apr2022","sg639_MHI_Apr2022.sg639_54","UO",2022-05-17 18:47:45,2022-05-17 19:37:34,"NA"
"51","sg639_MHI_Apr2022","sg639_MHI_Apr2022.sg639_56","UO",2022-05-18 11:36:29,2022-05-18 12:10:48,"NA"
"52","sg639_MHI_Apr2022","sg639_MHI_Apr2022.sg639_57","UO",2022-05-20 18:03:46,2022-05-20 19:04:22,"NA"
"53","sg639_MHI_Apr2022","sg639_MHI_Apr2022.sg639_58","UO",2022-05-24 20:49:31,2022-05-24 21:58:56,"NA"
"54","sg639_MHI_Apr2022","sg639_MHI_Apr2022.sg639_59","UO",2022-05-25 06:55:48,2022-05-25 07:11:00,"NA"
"55","sg639_MHI_Apr2022","sg639_MHI_Apr2022.sg639_60","UO",2022-05-25 10:51:07,2022-05-25 11:13:12,"NA"
"56","sg639_MHI_Apr2022","sg639_MHI_Apr2022.sg639_61","UO",2022-05-26 00:45:43,2022-05-26 00:54:39,"NA"
"57","sg639_MHI_Apr2022","sg639_MHI_Apr2022.sg639_63","UO",2022-05-26 14:36:42,2022-05-26 15:01:24,"NA"
"58","sg639_MHI_Apr2022","sg639_MHI_Apr2022.sg639_64","UO",2022-05-28 12:23:41,2022-05-28 13:04:19,"NA"
"59","sg639_MHI_Apr2022","sg639_MHI_Apr2022.sg639_65","UO",2022-05-28 20:27:37,2022-05-28 21:09:13,"NA"
"60","sg639_MHI_Apr2022","sg639_MHI_Apr2022.sg639_66","UO",2022-05-31 20:43:04,2022-05-31 21:11:48,"NA"
"61","sg639_MHI_Apr2022","sg639_MHI_Apr2022.sg639_67","UO",2022-06-02 09:43:22,2022-06-02 10:25:48,"NA"
"62","sg639_MHI_Apr2022","sg639_MHI_Apr2022.sg639_68","UO",2022-06-02 12:18:58,2022-06-02 12:50:10,"NA"
"63","sg639_MHI_Apr2022","sg639_MHI_Apr2022.sg639_69","UO",2022-06-02 13:09:51,2022-06-02 13:30:28,"NA"
"64","sg639_MHI_Apr2022","sg639_MHI_Apr2022.sg639_70","UO",2022-06-02 15:18:29,2022-06-02 15:30:54,"NA"
"65","sg639_MHI_Apr2022","sg639_MHI_Apr2022.sg639_71","UO",2022-06-02 17:02:12,2022-06-02 19:16:33,"NA"
"66","sg639_MHI_Apr2022","sg639_MHI_Apr2022.sg639_74","UO",2022-06-02 23:05:20,2022-06-02 23:15:48,"NA"
"67","sg639_MHI_Apr2022","sg639_MHI_Apr2022.sg639_75","UO",2022-06-03 00:58:54,2022-06-03 01:35:07,"NA"
"68","sg639_MHI_Apr2022","sg639_MHI_Apr2022.sg639_76","UO",2022-06-03 07:51:06,2022-06-03 18:12:36,"NA"
"69","sg639_MHI_Apr2023","sg639_MHI_Apr2023.sg639_01","UO",2023-04-12 05:17:37,2023-04-12 05:54:27,"NA"
"70","sg639_MHI_Apr2023","sg639_MHI_Apr2023.sg639_02","UO",2023-04-12 06:34:09,2023-04-12 07:30:59,"NA"
"71","sg639_MHI_Apr2023","sg639_MHI_Apr2023.sg639_04","UO",2023-04-12 08:21:25,2023-04-12 13:21:47,"NA"
"72","sg639_MHI_Apr2023","sg639_MHI_Apr2023.sg639_05","UO",2023-04-12 13:46:02,2023-04-12 16:00:22,"NA"
"73","sg639_MHI_Apr2023","sg639_MHI_Apr2023.sg639_06","UO",2023-04-12 21:38:08,2023-04-12 22:40:22,"NA"
"74","sg639_MHI_Apr2023","sg639_MHI_Apr2023.sg639_07","UO",2023-04-13 06:02:37,2023-04-13 07:45:27,"NA"
"75","sg639_MHI_Apr2023","sg639_MHI_Apr2023.sg639_08","UO",2023-04-13 12:12:07,2023-04-13 14:33:50,"NA"
"76","sg639_MHI_Apr2023","sg639_MHI_Apr2023.sg639_09","UO",2023-04-13 15:32:32,2023-04-13 16:41:12,"NA"
"77","sg639_MHI_Apr2023","sg639_MHI_Apr2023.sg639_10","UO",2023-04-13 17:33:42,2023-04-13 17:40:52,"NA"
"78","sg639_MHI_Apr2023","sg639_MHI_Apr2023.sg639_11","UO",2023-04-13 23:59:48,2023-04-14 00:08:28,"NA"
"79","sg639_MHI_Apr2023","sg639_MHI_Apr2023.sg639_12","UO",2023-04-14 05:42:17,2023-04-14 06:57:42,"NA"
"80","sg639_MHI_Apr2023","sg639_MHI_Apr2023.sg639_13","UO",2023-04-14 07:54:07,2023-04-14 08:51:02,"NA"
"81","sg639_MHI_Apr2023","sg639_MHI_Apr2023.sg639_14","UO",2023-04-14 10:01:12,2023-04-14 10:29:57,"NA"
"82","sg639_MHI_Apr2023","sg639_MHI_Apr2023.sg639_15","UO",2023-04-14 12:58:33,2023-04-14 15:18:52,"NA"
"83","sg639_MHI_Apr2023","sg639_MHI_Apr2023.sg639_17","UO",2023-04-14 18:50:52,2023-04-14 19:38:02,"NA"
"84","sg639_MHI_Apr2023","sg639_MHI_Apr2023.sg639_18","UO",2023-04-15 13:16:06,2023-04-15 14:06:51,"NA"
"85","sg639_MHI_Apr2023","sg639_MHI_Apr2023.sg639_19","UO",2023-04-16 09:15:58,2023-04-16 09:20:18,"NA"
"86","sg639_MHI_Apr2023","sg639_MHI_Apr2023.sg639_20","UO",2023-04-16 09:43:43,2023-04-16 09:57:18,"NA"
"87","sg639_MHI_Apr2023","sg639_MHI_Apr2023.sg639_21","UO",2023-04-16 12:16:05,2023-04-16 14:23:10,"NA"
"88","sg639_MHI_Apr2023","sg639_MHI_Apr2023.sg639_22","UO",2023-04-16 14:49:34,2023-04-16 14:56:49,"NA"
"89","sg639_MHI_Apr2023","sg639_MHI_Apr2023.sg639_23","UO",2023-04-17 14:27:21,2023-04-17 15:30:07,"NA"
"90","sg639_MHI_Apr2023","sg639_MHI_Apr2023.sg639_24","UO",2023-04-17 17:10:12,2023-04-17 19:56:17,"NA"
"91","sg639_MHI_Apr2023","sg639_MHI_Apr2023.sg639_25","UO",2023-04-17 21:30:00,2023-04-17 21:53:20,"NA"
"92","sg639_MHI_Apr2023","sg639_MHI_Apr2023.sg639_26","UO",2023-04-18 05:48:45,2023-04-18 06:29:10,"NA"
"93","sg639_MHI_Apr2023","sg639_MHI_Apr2023.sg639_27","UO",2023-04-18 08:28:50,2023-04-18 09:30:15,"NA"
"94","sg639_MHI_Apr2023","sg639_MHI_Apr2023.sg639_28","UO",2023-04-19 12:15:59,2023-04-19 12:39:05,"NA"
"95","sg639_MHI_Apr2023","sg639_MHI_Apr2023.sg639_29","UO",2023-04-20 01:11:21,2023-04-20 01:55:16,"NA"
"96","sg639_MHI_Apr2023","sg639_MHI_Apr2023.sg639_30","UO",2023-04-20 02:37:00,2023-04-20 03:05:15,"NA"
"97","sg639_MHI_Apr2023","sg639_MHI_Apr2023.sg639_31","UO",2023-04-20 10:16:48,2023-04-20 12:16:48,"NA"
"98","sg639_MHI_Apr2023","sg639_MHI_Apr2023.sg639_32","UO",2023-04-20 22:45:51,2023-04-20 23:03:46,"NA"
"99","sg639_MHI_Apr2023","sg639_MHI_Apr2023.sg639_33","UO",2023-04-21 08:27:30,2023-04-21 08:57:10,"NA"
"100","sg639_MHI_Apr2023","sg639_MHI_Apr2023.sg639_34","UO",2023-04-21 09:28:40,2023-04-21 10:34:23,"NA"
"101","sg639_MHI_Apr2023","sg639_MHI_Apr2023.sg639_35","UO",2023-04-22 23:59:06,2023-04-23 00:31:09,"NA"
"102","sg639_MHI_Apr2023","sg639_MHI_Apr2023.sg639_36","UO",2023-04-23 06:02:44,2023-04-23 06:19:49,"NA"
"103","sg639_MHI_Apr2023","sg639_MHI_Apr2023.sg639_37","UO",2023-04-23 09:23:09,2023-04-23 10:05:34,"NA"
"104","sg639_MHI_Apr2023","sg639_MHI_Apr2023.sg639_38","UO",2023-04-23 14:58:37,2023-04-23 15:01:17,"NA"
"105","sg639_MHI_Apr2023","sg639_MHI_Apr2023.sg639_39","UO",2023-04-23 16:39:07,2023-04-23 19:52:48,"NA"
"106","sg639_MHI_Apr2023","sg639_MHI_Apr2023.sg639_41","UO",2023-04-23 21:14:37,2023-04-23 22:48:02,"NA"
"107","sg639_MHI_Apr2023","sg639_MHI_Apr2023.sg639_42","UO",2023-04-24 05:37:32,2023-04-24 06:25:02,"NA"
"108","sg639_MHI_Apr2023","sg639_MHI_Apr2023.sg639_43","UO",2023-04-25 09:53:23,2023-04-25 10:10:33,"NA"
"109","sg639_MHI_Apr2023","sg639_MHI_Apr2023.sg639_44","UO",2023-04-25 14:39:33,2023-04-25 14:53:28,"NA"
"110","sg639_MHI_Apr2023","sg639_MHI_Apr2023.sg639_45","UO",2023-04-25 20:29:11,2023-04-25 20:50:51,"NA"
"111","sg639_MHI_Apr2023","sg639_MHI_Apr2023.sg639_46","UO",2023-04-26 17:25:16,2023-04-26 17:30:11,"NA"
"112","sg639_MHI_Apr2023","sg639_MHI_Apr2023.sg639_47","UO",2023-04-27 06:35:15,2023-04-27 06:46:50,"NA"
"113","sg639_MHI_Apr2023","sg639_MHI_Apr2023.sg639_48","UO",2023-04-27 11:10:23,2023-04-27 12:18:48,"NA"
"114","sg639_MHI_Apr2023","sg639_MHI_Apr2023.sg639_49","UO",2023-04-27 14:50:58,2023-04-27 15:28:38,"NA"
"115","sg639_MHI_Apr2023","sg639_MHI_Apr2023.sg639_50","UO",2023-04-28 07:04:57,2023-04-28 07:57:12,"NA"
"116","sg639_MHI_Apr2023","sg639_MHI_Apr2023.sg639_52","UO",2023-04-28 12:58:14,2023-04-28 13:17:09,"NA"
"117","sg639_MHI_Apr2023","sg639_MHI_Apr2023.sg639_53","UO",2023-04-28 13:45:45,2023-04-28 18:56:15,"NA"
"118","sg639_MHI_Apr2023","sg639_MHI_Apr2023.sg639_54","UO",2023-04-28 20:53:42,2023-04-28 22:38:22,"NA"
"119","sg639_MHI_Apr2023","sg639_MHI_Apr2023.sg639_55","UO",2023-04-29 04:49:01,2023-04-29 05:08:52,"NA"
"120","sg639_MHI_Apr2023","sg639_MHI_Apr2023.sg639_56","UO",2023-04-29 05:48:04,2023-04-29 06:43:44,"NA"
"121","sg639_MHI_Apr2023","sg639_MHI_Apr2023.sg639_57","UO",2023-04-29 11:37:46,2023-04-29 12:23:51,"NA"
"122","sg639_MHI_Apr2023","sg639_MHI_Apr2023.sg639_58","UO",2023-04-29 21:53:20,2023-04-29 22:20:40,"NA"
"123","sg639_MHI_Apr2023","sg639_MHI_Apr2023.sg639_59","UO",2023-04-30 07:34:38,2023-04-30 08:17:53,"NA"
"124","sg639_MHI_Apr2023","sg639_MHI_Apr2023.sg639_60","UO",2023-04-30 11:33:54,2023-04-30 11:56:25,"NA"
"125","sg639_MHI_Apr2023","sg639_MHI_Apr2023.sg639_61","UO",2023-04-30 12:31:09,2023-04-30 14:20:30,"NA"
"126","sg639_MHI_Apr2023","sg639_MHI_Apr2023.sg639_63","UO",2023-04-30 14:38:20,2023-04-30 15:32:49,"NA"
"127","sg639_MHI_Apr2023","sg639_MHI_Apr2023.sg639_64","UO",2023-04-30 16:08:39,2023-04-30 19:31:53,"NA"
"128","sg639_MHI_Apr2023","sg639_MHI_Apr2023.sg639_66","UO",2023-04-30 23:23:01,2023-05-01 00:02:06,"NA"
"129","sg639_MHI_Apr2023","sg639_MHI_Apr2023.sg639_67","UO",2023-05-01 13:24:44,2023-05-01 13:32:09,"NA"
"130","sg639_MHI_Apr2023","sg639_MHI_Apr2023.sg639_68","UO",2023-05-01 14:02:29,2023-05-01 14:09:04,"NA"
"131","sg639_MHI_Apr2023","sg639_MHI_Apr2023.sg639_69","UO",2023-05-01 15:03:34,2023-05-01 15:10:14,"NA"
"132","sg639_MHI_Apr2023","sg639_MHI_Apr2023.sg639_70","UO",2023-05-02 04:46:02,2023-05-02 04:58:27,"NA"
"133","sg639_MHI_Apr2023","sg639_MHI_Apr2023.sg639_71","UO",2023-05-02 14:12:27,2023-05-02 14:14:52,"NA"
"134","sg639_MHI_Apr2023","sg639_MHI_Apr2023.sg639_72","UO",2023-05-03 06:09:40,2023-05-03 09:30:33,"NA"
"135","sg639_MHI_Apr2023","sg639_MHI_Apr2023.sg639_73","UO",2023-05-03 13:34:54,2023-05-03 13:48:14,"NA"
"136","sg639_MHI_Apr2023","sg639_MHI_Apr2023.sg639_74","UO",2023-05-04 14:41:46,2023-05-04 15:23:32,"NA"
"137","sg639_MHI_Apr2023","sg639_MHI_Apr2023.sg639_75","UO",2023-05-05 08:26:32,2023-05-05 08:31:57,"NA"
"138","sg639_MHI_Apr2023","sg639_MHI_Apr2023.sg639_76","UO",2023-05-05 08:56:47,2023-05-05 09:51:47,"NA"
"139","sg639_MHI_Apr2023","sg639_MHI_Apr2023.sg639_77","UO",2023-05-06 05:55:05,2023-05-06 06:40:35,"NA"
"140","sg639_MHI_Apr2023","sg639_MHI_Apr2023.sg639_78","UO",2023-05-06 09:00:28,2023-05-06 09:26:23,"NA"
"141","sg639_MHI_Apr2023","sg639_MHI_Apr2023.sg639_79","UO",2023-05-06 10:22:04,2023-05-06 12:34:25,"NA"
"142","sg639_MHI_Apr2023","sg639_MHI_Apr2023.sg639_80","UO",2023-05-06 13:06:18,2023-05-06 13:23:42,"NA"
"143","sg639_MHI_Apr2023","sg639_MHI_Apr2023.sg639_81","UO",2023-05-06 14:41:23,2023-05-06 15:25:18,"NA"
"144","sg639_MHI_Apr2023","sg639_MHI_Apr2023.sg639_82","UO",2023-05-07 06:26:37,2023-05-07 08:17:07,"NA"
"145","sg639_MHI_Apr2023","sg639_MHI_Apr2023.sg639_83","UO",2023-05-07 08:37:18,2023-05-07 09:32:53,"NA"
"146","sg639_MHI_Apr2023","sg639_MHI_Apr2023.sg639_84","UO",2023-05-07 11:38:46,2023-05-07 12:16:05,"NA"
"147","sg639_MHI_Apr2023","sg639_MHI_Apr2023.sg639_85","UO",2023-05-07 13:36:53,2023-05-07 13:51:58,"NA"
"148","sg639_MHI_Apr2023","sg639_MHI_Apr2023.sg639_86","UO",2023-05-07 14:13:08,2023-05-07 14:15:08,"NA"
"149","sg639_MHI_Apr2023","sg639_MHI_Apr2023.sg639_87","UO",2023-05-07 18:58:04,2023-05-07 19:08:49,"NA"
"150","sg639_MHI_Apr2023","sg639_MHI_Apr2023.sg639_88","UO",2023-05-09 04:40:33,2023-05-09 04:58:36,"NA"
"151","sg639_MHI_Apr2023","sg639_MHI_Apr2023.sg639_89","UO",2023-05-09 07:50:47,2023-05-09 07:53:52,"NA"
"152","sg639_MHI_Apr2023","sg639_MHI_Apr2023.sg639_90","UO",2023-05-09 11:31:23,2023-05-09 11:44:36,"NA"
"153","sg639_MHI_Apr2023","sg639_MHI_Apr2023.sg639_91","UO",2023-05-10 01:17:38,2023-05-10 02:06:50,"NA"
"154","sg639_MHI_Apr2023","sg639_MHI_Apr2023.sg639_92","UO",2023-05-10 03:46:02,2023-05-10 04:08:42,"NA"
"155","sg639_MHI_Apr2023","sg639_MHI_Apr2023.sg639_93","UO",2023-05-10 12:15:31,2023-05-10 12:55:15,"NA"
"156","sg639_MHI_Apr2023","sg639_MHI_Apr2023.sg639_94","UO",2023-05-10 15:52:34,2023-05-10 16:48:38,"NA"
"157","sg639_MHI_Apr2023","sg639_MHI_Apr2023.sg639_95","UO",2023-05-11 00:27:22,2023-05-11 00:33:26,"NA"
"158","sg639_MHI_Apr2023","sg639_MHI_Apr2023.sg639_96","UO",2023-05-11 02:14:07,2023-05-11 02:37:31,"NA"
"159","sg639_MHI_Apr2023","sg639_MHI_Apr2023.sg639_97","UO",2023-05-11 09:26:59,2023-05-11 10:20:43,"NA"
"160","sg639_MHI_Apr2023","sg639_MHI_Apr2023.sg639_98","UO",2023-05-12 07:24:37,2023-05-12 07:53:13,"NA"
"161","sg639_MHI_Apr2023","sg639_MHI_Apr2023.sg639_99","UO",2023-05-12 15:48:42,2023-05-12 16:11:04,"NA"
"162","sg639_MHI_Apr2023","sg639_MHI_Apr2023.sg639_100","UO",2023-05-12 22:54:19,2023-05-13 00:05:15,"NA"
"163","sg639_MHI_Apr2023","sg639_MHI_Apr2023.sg639_101","UO",2023-05-13 01:10:57,2023-05-13 03:42:11,"NA"
"164","sg639_MHI_Apr2023","sg639_MHI_Apr2023.sg639_102","UO",2023-05-13 07:54:39,2023-05-13 08:37:59,"NA"
"165","sg639_MHI_Apr2023","sg639_MHI_Apr2023.sg639_103","UO",2023-05-13 09:11:25,2023-05-13 09:33:00,"NA"
"166","sg639_MHI_Apr2023","sg639_MHI_Apr2023.sg639_104","UO",2023-05-13 17:15:07,2023-05-13 18:12:22,"NA"
"167","sg639_MHI_Apr2023","sg639_MHI_Apr2023.sg639_105","UO",2023-05-13 19:28:38,2023-05-13 22:32:39,"NA"
"168","sg639_MHI_Apr2023","sg639_MHI_Apr2023.sg639_106","UO",2023-05-13 23:35:58,2023-05-14 00:17:08,"NA"
"169","sg639_MHI_Apr2023","sg639_MHI_Apr2023.sg639_107","UO",2023-05-14 00:41:51,2023-05-14 01:52:57,"NA"
"170","sg639_MHI_Apr2023","sg639_MHI_Apr2023.sg639_108","UO",2023-05-14 02:36:30,2023-05-14 03:38:21,"NA"
"171","sg639_MHI_Apr2023","sg639_MHI_Apr2023.sg639_109","UO",2023-05-14 13:44:08,2023-05-14 14:32:55,"NA"
"172","sg639_MHI_Apr2023","sg639_MHI_Apr2023.sg639_110","UO",2023-05-15 12:19:34,2023-05-15 12:34:15,"NA"
"173","sg639_MHI_Apr2023","sg639_MHI_Apr2023.sg639_111","UO",2023-05-16 08:35:55,2023-05-16 09:00:49,"NA"
"174","sg639_MHI_Apr2023","sg639_MHI_Apr2023.sg639_112","UO",2023-05-16 10:46:00,2023-05-16 11:09:09,"NA"
"175","sg639_MHI_Apr2023","sg639_MHI_Apr2023.sg639_113","UO",2023-05-16 11:51:02,2023-05-16 11:58:52,"NA"
"176","sg639_MHI_Apr2023","sg639_MHI_Apr2023.sg639_114","UO",2023-05-16 14:01:08,2023-05-16 16:25:10,"NA"
"177","sg639_MHI_Apr2023","sg639_MHI_Apr2023.sg639_115","UO",2023-05-17 10:45:52,2023-05-17 11:20:12,"NA"
"178","sg639_MHI_Apr2023","sg639_MHI_Apr2023.sg639_116","UO",2023-05-19 09:43:27,2023-05-19 12:03:07,"NA"
"179","sg639_MHI_Apr2023","sg639_MHI_Apr2023.sg639_117","UO",2023-05-19 13:39:58,2023-05-19 16:54:04,"NA"
"180","sg639_MHI_Apr2023","sg639_MHI_Apr2023.sg639_118","UO",2023-05-19 20:50:05,2023-05-19 21:10:55,"NA"
"181","sg639_MHI_Apr2023","sg639_MHI_Apr2023.sg639_119","UO",2023-05-23 06:24:01,2023-05-23 07:43:16,"NA"
"182","sg639_MHI_Apr2023","sg639_MHI_Apr2023.sg639_120","UO",2023-05-23 17:28:58,2023-05-23 17:51:48,"NA"
"183","sg639_MHI_Apr2023","sg639_MHI_Apr2023.sg639_121","UO",2023-05-24 04:01:05,2023-05-24 05:18:50,"NA"
"184","sg639_MHI_Apr2023","sg639_MHI_Apr2023.sg639_122","UO",2023-05-26 08:45:27,2023-05-26 09:52:12,"NA"
"185","sg639_MHI_Apr2023","sg639_MHI_Apr2023.sg639_123","UO",2023-05-26 21:46:11,2023-05-26 22:09:55,"NA"
"186","sg639_MHI_Apr2023","sg639_MHI_Apr2023.sg639_124","UO",2023-05-27 13:19:27,2023-05-27 13:48:42,"NA"
"187","sg639_MHI_Apr2023","sg639_MHI_Apr2023.sg639_125","UO",2023-05-28 12:20:05,2023-05-28 14:20:31,"NA"
"188","sg639_MHI_Apr2023","sg639_MHI_Apr2023.sg639_126","UO",2023-05-29 01:47:29,2023-05-29 02:12:59,"NA"
"189","sg639_MHI_Apr2023","sg639_MHI_Apr2023.sg639_127","UO",2023-05-29 03:26:59,2023-05-29 03:45:09,"NA"
"190","sg639_MHI_Apr2023","sg639_MHI_Apr2023.sg639_128","UO",2023-05-29 10:33:59,2023-05-29 11:43:14,"NA"
"191","sg639_MHI_Apr2023","sg639_MHI_Apr2023.sg639_129","UO",2023-05-30 09:02:56,2023-05-30 09:28:16,"NA"
"192","sg639_MHI_Apr2023","sg639_MHI_Apr2023.sg639_130","UO",2023-05-30 14:51:17,2023-05-30 15:39:27,"NA"
"193","sg639_MHI_Apr2023","sg639_MHI_Apr2023.sg639_131","UO",2023-05-31 05:41:35,2023-05-31 05:47:20,"NA"
"194","sg639_MHI_Apr2023","sg639_MHI_Apr2023.sg639_132","UO",2023-06-02 05:03:20,2023-06-02 07:40:16,"NA"
"195","sg639_MHI_Apr2023","sg639_MHI_Apr2023.sg639_134","UO",2023-06-02 09:14:14,2023-06-02 09:54:39,"NA"
"196","sg639_MHI_Apr2023","sg639_MHI_Apr2023.sg639_135","UO",2023-06-03 10:49:56,2023-06-03 11:10:26,"NA"
"197","sg639_MHI_Apr2023","sg639_MHI_Apr2023.sg639_136","UO",2023-06-03 11:46:56,2023-06-03 12:01:21,"NA"
"198","sg639_MHI_Apr2023","sg639_MHI_Apr2023.sg639_137","UO",2023-06-03 13:11:11,2023-06-03 13:25:06,"NA"
"199","sg639_MHI_Apr2023","sg639_MHI_Apr2023.sg639_138","UO",2023-06-04 07:02:07,2023-06-04 07:41:52,"NA"
"200","sg639_MHI_Apr2023","sg639_MHI_Apr2023.sg639_139","UO",2023-06-04 09:26:58,2023-06-04 10:28:08,"NA"
"201","sg639_MHI_Apr2023","sg639_MHI_Apr2023.sg639_140","UO",2023-06-04 12:26:23,2023-06-04 12:50:18,"NA"
"202","sg639_MHI_Apr2023","sg639_MHI_Apr2023.sg639_141","UO",2023-06-05 08:47:33,2023-06-05 10:05:45,"NA"
